8/2/2021 6:58:00 pm,s2,56.94
8/2/2021 6:58:04 pm,s1,24.68
8/2/2021 6:58:09 pm,s2,55.96
8/2/2021 6:58:14 pm,s1,24.68
8/2/2021 6:58:18 pm,s2,57.92
8/2/2021 6:58:26 pm,s1,23.7
8/2/2021 6:58:31 pm,s2,55.96
8/2/2021 6:58:36 pm,s1,24.68
8/2/2021 7:04:13 pm,s1,23.7
8/2/2021 7:04:24 pm,s1,29.57
8/2/2021 7:04:28 pm,s2,76.49
8/2/2021 7:04:32 pm,s1,28.59
8/2/2021 7:04:36 pm,s2,74.54
8/2/2021 7:04:40 pm,s1,29.57
8/2/2021 7:04:44 pm,s2,72.58
8/2/2021 7:04:49 pm,s1,26.64
8/2/2021 7:04:53 pm,s2,73.56
8/2/2021 7:04:57 pm,s1,32.5
8/2/2021 7:05:01 pm,s2,80.4
8/2/2021 7:05:05 pm,s1,31.52
8/2/2021 7:05:09 pm,s2,80.4
8/2/2021 7:05:13 pm,s1,30.55
8/2/2021 7:05:17 pm,s2,79.42
8/2/2021 7:05:22 pm,s1,28.59
8/2/2021 7:05:26 pm,s2,77.47
8/2/2021 7:05:30 pm,s1,28.59
8/2/2021 7:05:34 pm,s2,77.47
8/2/2021 7:05:38 pm,s1,29.57
8/2/2021 7:05:42 pm,s2,78.45
8/2/2021 7:05:46 pm,s1,32.5
8/2/2021 7:05:51 pm,s2,82.36
8/2/2021 7:05:55 pm,s1,30.55
8/2/2021 7:05:59 pm,s2,81.38
8/2/2021 7:06:03 pm,s1,28.59
8/2/2021 7:06:07 pm,s2,77.47
8/2/2021 7:06:11 pm,s1,31.52
8/2/2021 7:06:15 pm,s2,83.33
8/2/2021 7:06:19 pm,s1,29.57
8/2/2021 7:06:24 pm,s2,79.42
8/2/2021 7:06:28 pm,s1,28.59
8/2/2021 7:06:32 pm,s2,78.45
8/2/2021 7:06:36 pm,s1,29.57
8/2/2021 7:06:40 pm,s2,75.51
8/2/2021 7:06:44 pm,s1,28.59
8/2/2021 7:06:49 pm,s2,80.4
8/2/2021 7:06:53 pm,s1,29.57
8/2/2021 7:06:57 pm,s2,80.4
8/2/2021 7:07:01 pm,s1,32.5
8/2/2021 7:07:05 pm,s2,85.29
8/2/2021 7:07:09 pm,s1,28.59
8/2/2021 7:07:13 pm,s2,81.38
8/2/2021 7:07:18 pm,s1,31.52
8/2/2021 7:07:22 pm,s2,84.31
8/2/2021 7:07:26 pm,s1,29.57
8/2/2021 7:07:30 pm,s2,77.47
8/2/2021 7:07:34 pm,s1,30.55
8/2/2021 7:07:38 pm,s2,83.33
8/2/2021 7:07:42 pm,s1,31.52
8/2/2021 7:07:47 pm,s2,85.29
8/2/2021 7:07:51 pm,s1,30.55
8/2/2021 7:07:55 pm,s2,84.31
8/2/2021 7:07:59 pm,s1,29.57
8/2/2021 7:08:03 pm,s2,79.42
8/2/2021 7:08:07 pm,s1,30.55
8/2/2021 7:08:11 pm,s2,85.29
8/2/2021 7:08:16 pm,s1,30.55
8/2/2021 7:08:20 pm,s2,86.27
8/2/2021 7:08:24 pm,s1,29.57
8/2/2021 7:08:28 pm,s2,84.31
8/2/2021 7:08:32 pm,s1,29.57
8/2/2021 7:08:36 pm,s2,83.33
8/2/2021 7:08:40 pm,s1,31.52
8/2/2021 7:08:44 pm,s2,87.24
8/2/2021 7:08:49 pm,s1,29.57
8/2/2021 7:08:53 pm,s2,84.31
8/2/2021 7:08:57 pm,s1,28.59
8/2/2021 7:09:01 pm,s2,86.27
8/2/2021 7:09:05 pm,s1,33.48
8/2/2021 7:09:09 pm,s2,91.15
8/2/2021 7:09:13 pm,s1,29.57
8/2/2021 7:09:17 pm,s2,85.29
8/2/2021 7:09:22 pm,s1,33.48
8/2/2021 7:09:26 pm,s2,91.15
8/2/2021 7:09:30 pm,s1,29.57
8/2/2021 7:09:34 pm,s2,85.29
8/2/2021 7:09:38 pm,s1,31.52
8/2/2021 7:09:42 pm,s2,89.2
8/2/2021 7:09:47 pm,s1,29.57
8/2/2021 7:09:51 pm,s2,87.24
8/2/2021 7:09:55 pm,s1,30.55
8/2/2021 7:09:59 pm,s2,86.27
8/2/2021 7:10:03 pm,s1,33.48
8/2/2021 7:10:07 pm,s2,92.13
8/2/2021 7:10:11 pm,s1,31.52
8/2/2021 7:10:15 pm,s2,91.15
8/2/2021 7:10:20 pm,s1,29.57
8/2/2021 7:10:24 pm,s2,89.2
8/2/2021 7:10:28 pm,s1,30.55
8/2/2021 7:10:32 pm,s2,88.22
8/2/2021 7:10:36 pm,s1,29.57
8/2/2021 7:10:40 pm,s2,89.2
8/2/2021 7:10:44 pm,s1,29.57
8/2/2021 7:10:49 pm,s2,89.2
8/2/2021 7:10:53 pm,s1,30.55
8/2/2021 7:10:57 pm,s2,87.24
8/2/2021 7:11:01 pm,s1,32.5
8/2/2021 7:11:05 pm,s2,94.09
8/2/2021 7:11:09 pm,s1,31.52
8/2/2021 7:11:14 pm,s2,94.09
8/2/2021 7:11:18 pm,s1,30.55
8/2/2021 7:11:22 pm,s2,91.15
8/2/2021 7:11:26 pm,s1,31.52
8/2/2021 7:11:30 pm,s2,92.13
8/2/2021 7:11:34 pm,s1,30.55
8/2/2021 7:11:38 pm,s2,92.13
8/2/2021 7:11:42 pm,s1,32.5
8/2/2021 7:11:47 pm,s2,93.11
8/2/2021 7:11:51 pm,s1,30.55
8/2/2021 7:11:55 pm,s2,92.13
8/2/2021 7:11:59 pm,s1,32.5
8/2/2021 7:12:03 pm,s2,93.11
8/2/2021 7:12:07 pm,s1,30.55
8/2/2021 7:12:11 pm,s2,92.13
8/2/2021 7:12:16 pm,s1,30.55
8/2/2021 7:12:20 pm,s2,92.13
8/2/2021 7:12:24 pm,s1,29.57
8/2/2021 7:12:28 pm,s2,92.13
8/2/2021 7:12:32 pm,s1,30.55
8/2/2021 7:12:36 pm,s2,94.09
8/2/2021 7:12:40 pm,s1,30.55
8/2/2021 7:12:45 pm,s2,94.09
8/2/2021 7:12:49 pm,s1,30.55
8/2/2021 7:12:53 pm,s2,96.04
8/2/2021 7:12:57 pm,s1,31.52
8/2/2021 7:13:01 pm,s2,94.09
8/2/2021 7:13:05 pm,s1,30.55
8/2/2021 7:13:09 pm,s2,95.06
8/2/2021 7:13:14 pm,s1,31.52
8/2/2021 7:13:18 pm,s2,98
8/2/2021 7:13:22 pm,s1,31.52
8/2/2021 7:13:26 pm,s2,96.04
8/2/2021 7:13:30 pm,s1,31.52
8/2/2021 7:13:34 pm,s2,96.04
8/2/2021 7:13:38 pm,s1,28.59
8/2/2021 7:13:42 pm,s2,94.09
8/2/2021 7:13:47 pm,s1,31.52
8/2/2021 7:13:51 pm,s2,98
8/2/2021 7:13:55 pm,s1,32.5
8/2/2021 7:13:59 pm,s2,98
8/2/2021 7:14:03 pm,s1,30.55
8/2/2021 7:14:07 pm,s2,96.04
8/2/2021 7:14:12 pm,s1,57.92
8/2/2021 7:14:16 pm,s2,99.95
8/2/2021 7:14:20 pm,s1,93.11
8/2/2021 7:14:24 pm,s2,99.95
8/2/2021 7:14:28 pm,s1,91.15
8/2/2021 7:14:32 pm,s2,98
8/2/2021 7:14:36 pm,s1,93.11
8/2/2021 7:14:40 pm,s2,98.97
8/2/2021 7:14:45 pm,s1,90.18
8/2/2021 7:14:49 pm,s2,95.06
8/2/2021 7:14:53 pm,s1,92.13
8/2/2021 7:14:57 pm,s2,96.04
8/2/2021 7:15:01 pm,s1,92.13
8/2/2021 7:15:05 pm,s2,95.06
8/2/2021 7:15:10 pm,s1,93.11
8/2/2021 7:15:14 pm,s2,96.04
8/2/2021 7:15:18 pm,s1,92.13
8/2/2021 7:15:22 pm,s2,96.04
8/2/2021 7:15:26 pm,s1,92.13
8/2/2021 7:15:30 pm,s2,97.02
8/2/2021 7:15:35 pm,s1,92.13
8/2/2021 7:15:39 pm,s2,97.02
8/2/2021 7:15:43 pm,s1,96.04
8/2/2021 7:15:47 pm,s2,100.93
8/2/2021 7:15:51 pm,s1,94.09
8/2/2021 7:15:56 pm,s2,98.97
8/2/2021 7:16:00 pm,s1,92.13
8/2/2021 7:16:04 pm,s2,96.04
8/2/2021 7:16:08 pm,s1,95.06
8/2/2021 7:16:12 pm,s2,99.95
8/2/2021 7:16:16 pm,s1,93.11
8/2/2021 7:16:20 pm,s2,98
8/2/2021 7:16:25 pm,s1,90.18
8/2/2021 7:16:29 pm,s2,94.09
8/2/2021 7:16:33 pm,s1,95.06
8/2/2021 7:16:37 pm,s2,98.97
8/2/2021 7:16:41 pm,s1,93.11
8/2/2021 7:16:45 pm,s2,96.04
8/2/2021 7:16:50 pm,s1,95.06
8/2/2021 7:16:54 pm,s2,98.97
8/2/2021 7:16:58 pm,s1,93.11
8/2/2021 7:17:02 pm,s2,98
8/2/2021 7:17:06 pm,s1,93.11
8/2/2021 7:17:10 pm,s2,97.02
8/2/2021 7:17:14 pm,s1,92.13
8/2/2021 7:17:19 pm,s2,96.04
8/2/2021 7:17:23 pm,s1,94.09
8/2/2021 7:17:27 pm,s2,98.97
8/2/2021 7:17:31 pm,s1,93.11
8/2/2021 7:17:35 pm,s2,97.02
8/2/2021 7:17:39 pm,s1,93.11
8/2/2021 7:17:44 pm,s2,97.02
8/2/2021 7:17:48 pm,s1,93.11
8/2/2021 7:17:52 pm,s2,98
8/2/2021 7:17:56 pm,s1,95.06
8/2/2021 7:18:00 pm,s2,99.95
8/2/2021 7:18:04 pm,s1,95.06
8/2/2021 7:18:09 pm,s2,99.95
8/2/2021 7:18:13 pm,s1,94.09
8/2/2021 7:18:17 pm,s2,98
8/2/2021 7:18:21 pm,s1,94.09
8/2/2021 7:18:25 pm,s2,98
8/2/2021 7:18:29 pm,s1,94.09
8/2/2021 7:18:33 pm,s2,98
8/2/2021 7:18:38 pm,s1,93.11
8/2/2021 7:18:42 pm,s2,97.02
8/2/2021 7:18:46 pm,s1,96.04
8/2/2021 7:18:50 pm,s2,99.95
8/2/2021 7:18:54 pm,s1,92.13
8/2/2021 7:18:58 pm,s2,96.04
8/2/2021 7:19:02 pm,s1,93.11
8/2/2021 7:19:07 pm,s2,97.02
8/2/2021 7:19:11 pm,s1,94.09
8/2/2021 7:19:15 pm,s2,98.97
8/2/2021 7:24:25 pm,s2,96.04
8/2/2021 7:24:29 pm,s1,92.13
8/2/2021 7:24:33 pm,s2,96.04
8/2/2021 7:24:37 pm,s1,94.09
8/2/2021 7:24:42 pm,s2,97.02
8/2/2021 7:24:46 pm,s1,93.11
8/2/2021 7:24:50 pm,s2,96.04
8/2/2021 7:24:54 pm,s1,94.09
8/2/2021 7:24:58 pm,s2,98
8/2/2021 7:25:02 pm,s1,96.04
8/2/2021 7:25:07 pm,s2,99.95
8/2/2021 8:14:58 pm,s2,109.73
8/2/2021 8:15:03 pm,s1,105.82
8/2/2021 8:15:07 pm,s2,110.7
8/2/2021 8:15:11 pm,s1,104.84
8/2/2021 8:15:15 pm,s2,108.75
8/2/2021 8:15:19 pm,s1,107.77
8/2/2021 8:15:23 pm,s2,111.68
8/2/2021 8:15:27 pm,s1,106.79
8/2/2021 8:15:32 pm,s2,109.73
8/2/2021 8:15:36 pm,s1,105.82
8/2/2021 8:15:40 pm,s2,109.73
8/2/2021 8:15:44 pm,s1,107.77
8/2/2021 8:15:48 pm,s2,111.68
8/2/2021 8:15:52 pm,s1,105.82
8/2/2021 8:15:56 pm,s2,108.75
8/2/2021 8:16:01 pm,s1,107.77
8/2/2021 8:16:05 pm,s2,111.68
8/2/2021 8:16:09 pm,s1,105.82
8/2/2021 8:16:13 pm,s2,109.73
8/2/2021 8:16:17 pm,s1,107.77
8/2/2021 8:16:21 pm,s2,111.68
8/2/2021 8:16:25 pm,s1,106.79
8/2/2021 8:16:29 pm,s2,109.73
8/2/2021 8:16:34 pm,s1,106.79
8/2/2021 8:16:38 pm,s2,110.7
8/2/2021 8:16:42 pm,s1,107.77
8/2/2021 8:16:46 pm,s2,110.7
8/2/2021 8:16:50 pm,s1,105.82
8/2/2021 8:16:54 pm,s2,108.75
8/2/2021 8:16:59 pm,s1,106.79
8/2/2021 8:17:03 pm,s2,110.7
8/2/2021 8:17:07 pm,s1,109.73
8/2/2021 8:17:11 pm,s2,113.64
8/2/2021 8:17:15 pm,s1,106.79
8/2/2021 8:17:19 pm,s2,110.7
8/2/2021 8:17:23 pm,s1,106.79
8/2/2021 8:17:27 pm,s2,110.7
8/2/2021 8:17:31 pm,s1,107.77
8/2/2021 8:17:36 pm,s2,110.7
8/2/2021 8:17:40 pm,s1,107.77
8/2/2021 8:17:44 pm,s2,111.68
8/2/2021 8:17:48 pm,s1,107.77
8/2/2021 8:17:52 pm,s2,110.7
8/2/2021 8:17:56 pm,s1,109.73
8/2/2021 8:18:00 pm,s2,112.66
8/2/2021 8:18:04 pm,s1,108.75
8/2/2021 8:18:09 pm,s2,111.68
8/2/2021 8:18:13 pm,s1,106.79
8/2/2021 8:18:17 pm,s2,110.7
8/2/2021 8:18:21 pm,s1,107.77
8/2/2021 8:18:25 pm,s2,110.7
8/2/2021 8:18:29 pm,s1,106.79
8/2/2021 8:18:33 pm,s2,109.73
8/2/2021 8:18:38 pm,s1,106.79
8/2/2021 8:18:42 pm,s2,110.7
8/2/2021 8:18:46 pm,s1,106.79
8/2/2021 8:18:50 pm,s2,110.7
8/2/2021 8:18:54 pm,s1,106.79
8/2/2021 8:18:58 pm,s2,109.73
8/2/2021 8:19:03 pm,s1,107.77
8/2/2021 8:19:07 pm,s2,112.66
8/2/2021 8:19:11 pm,s1,107.77
8/2/2021 8:19:15 pm,s2,111.68
8/2/2021 8:19:19 pm,s1,107.77
8/2/2021 8:19:23 pm,s2,111.68
8/2/2021 8:19:27 pm,s1,107.77
8/2/2021 8:19:32 pm,s2,111.68
8/2/2021 8:19:36 pm,s1,108.75
8/2/2021 8:19:40 pm,s2,111.68
8/2/2021 8:19:44 pm,s1,106.79
8/2/2021 8:19:48 pm,s2,109.73
8/2/2021 8:19:52 pm,s1,107.77
8/2/2021 8:19:56 pm,s2,111.68
8/2/2021 8:20:01 pm,s1,108.75
8/2/2021 8:20:05 pm,s2,111.68
8/2/2021 8:20:09 pm,s1,107.77
8/2/2021 8:20:14 pm,s2,110.7
8/2/2021 8:20:18 pm,s1,107.77
8/2/2021 8:20:22 pm,s2,110.7
8/2/2021 8:20:27 pm,s1,106.79
8/2/2021 8:20:31 pm,s2,110.7
8/2/2021 8:20:35 pm,s1,107.77
8/2/2021 8:20:39 pm,s2,111.68
8/2/2021 8:20:43 pm,s1,107.77
8/2/2021 8:20:47 pm,s2,110.7
8/2/2021 8:20:52 pm,s1,109.73
8/2/2021 8:20:56 pm,s2,113.64
8/2/2021 8:21:00 pm,s1,109.73
8/2/2021 8:21:04 pm,s2,111.68
8/2/2021 8:21:08 pm,s1,111.68
8/2/2021 8:21:12 pm,s2,115.59
8/2/2021 8:21:16 pm,s1,110.7
8/2/2021 8:21:20 pm,s2,113.64
8/2/2021 8:21:25 pm,s1,107.77
8/2/2021 8:21:29 pm,s2,109.73
8/2/2021 8:21:33 pm,s1,110.7
8/2/2021 8:21:37 pm,s2,113.64
8/2/2021 8:21:41 pm,s1,109.73
8/2/2021 8:21:45 pm,s2,113.64
8/2/2021 8:21:50 pm,s1,109.73
8/2/2021 8:21:54 pm,s2,113.64
8/2/2021 8:21:58 pm,s1,108.75
8/2/2021 8:22:02 pm,s2,112.66
8/2/2021 8:22:06 pm,s1,109.73
8/2/2021 8:22:10 pm,s2,112.66
8/2/2021 8:22:14 pm,s1,109.73
8/2/2021 8:22:18 pm,s2,112.66
8/2/2021 8:22:23 pm,s1,109.73
8/2/2021 8:22:27 pm,s2,112.66
8/2/2021 8:22:31 pm,s1,110.7
8/2/2021 8:22:35 pm,s2,114.61
8/2/2021 8:22:39 pm,s1,110.7
8/2/2021 8:22:43 pm,s2,113.64
8/2/2021 8:22:47 pm,s1,109.73
8/2/2021 8:22:52 pm,s2,112.66
8/2/2021 8:22:56 pm,s1,110.7
8/2/2021 8:23:00 pm,s2,112.66
8/2/2021 8:23:04 pm,s1,107.77
8/2/2021 8:23:08 pm,s2,111.68
8/2/2021 8:23:12 pm,s1,108.75
8/2/2021 8:23:16 pm,s2,112.66
8/2/2021 8:23:21 pm,s1,109.73
8/2/2021 8:23:25 pm,s2,111.68
8/2/2021 8:23:29 pm,s1,109.73
8/2/2021 8:23:33 pm,s2,114.61
8/2/2021 8:23:37 pm,s1,108.75
8/2/2021 8:23:41 pm,s2,111.68
8/2/2021 8:23:45 pm,s1,109.73
8/2/2021 8:23:50 pm,s2,114.61
8/2/2021 8:23:54 pm,s1,109.73
8/2/2021 8:23:58 pm,s2,113.64
8/2/2021 8:24:02 pm,s1,108.75
8/2/2021 8:24:06 pm,s2,111.68
8/2/2021 8:24:10 pm,s1,108.75
8/2/2021 8:24:14 pm,s2,112.66
8/2/2021 8:24:19 pm,s1,111.68
8/2/2021 8:24:23 pm,s2,115.59
8/2/2021 8:24:27 pm,s1,109.73
8/2/2021 8:24:31 pm,s2,112.66
8/2/2021 8:24:35 pm,s1,108.75
8/2/2021 8:24:39 pm,s2,111.68
8/2/2021 8:24:43 pm,s1,109.73
8/2/2021 8:24:47 pm,s2,112.66
8/2/2021 8:24:52 pm,s1,109.73
8/2/2021 8:24:56 pm,s2,113.64
8/2/2021 8:25:00 pm,s1,109.73
8/2/2021 8:25:04 pm,s2,112.66
8/2/2021 8:25:08 pm,s1,108.75
8/2/2021 8:25:12 pm,s2,111.68
8/2/2021 8:25:17 pm,s1,109.73
8/2/2021 8:25:21 pm,s2,112.66
8/2/2021 8:25:25 pm,s1,109.73
8/2/2021 8:25:29 pm,s2,112.66
8/2/2021 8:25:33 pm,s1,110.7
8/2/2021 8:25:37 pm,s2,114.61
8/2/2021 8:25:42 pm,s1,109.73
8/2/2021 8:25:46 pm,s2,113.64
8/2/2021 8:25:50 pm,s1,109.73
8/2/2021 8:25:54 pm,s2,113.64
8/2/2021 8:25:58 pm,s1,108.75
8/2/2021 8:26:02 pm,s2,112.66
8/2/2021 8:26:06 pm,s1,110.7
8/2/2021 8:26:10 pm,s2,112.66
8/2/2021 8:26:15 pm,s1,110.7
8/2/2021 8:26:19 pm,s2,112.66
8/2/2021 8:26:23 pm,s1,110.7
8/2/2021 8:26:27 pm,s2,114.61
8/2/2021 8:26:32 pm,s1,110.7
8/2/2021 8:26:36 pm,s2,112.66
8/2/2021 8:26:40 pm,s1,110.7
8/2/2021 8:26:44 pm,s2,113.64
8/2/2021 8:26:48 pm,s1,108.75
8/2/2021 8:26:52 pm,s2,111.68
8/2/2021 8:26:56 pm,s1,110.7
8/2/2021 8:27:00 pm,s2,113.64
8/2/2021 8:27:05 pm,s1,111.68
8/2/2021 8:27:09 pm,s2,114.61
8/2/2021 8:27:13 pm,s1,111.68
8/2/2021 8:27:17 pm,s2,115.59
8/2/2021 8:27:21 pm,s1,111.68
8/2/2021 8:27:25 pm,s2,115.59
8/2/2021 8:27:29 pm,s1,110.7
8/2/2021 8:27:34 pm,s2,113.64
8/2/2021 8:27:38 pm,s1,111.68
8/2/2021 8:27:42 pm,s2,114.61
8/2/2021 8:27:46 pm,s1,110.7
8/2/2021 8:27:50 pm,s2,112.66
8/2/2021 8:27:54 pm,s1,109.73
8/2/2021 8:27:58 pm,s2,112.66
8/2/2021 8:28:03 pm,s1,108.75
8/2/2021 8:28:07 pm,s2,110.7
8/2/2021 8:28:11 pm,s1,110.7
8/2/2021 8:28:15 pm,s2,111.68
8/2/2021 8:28:19 pm,s1,110.7
8/2/2021 8:28:23 pm,s2,113.64
8/2/2021 8:28:27 pm,s1,110.7
8/2/2021 8:28:31 pm,s2,114.61
8/2/2021 8:28:36 pm,s1,111.68
8/2/2021 8:28:40 pm,s2,113.64
8/2/2021 8:28:44 pm,s1,112.66
8/2/2021 8:28:48 pm,s2,115.59
8/2/2021 8:28:52 pm,s1,110.7
8/2/2021 8:28:56 pm,s2,114.61
8/2/2021 8:29:00 pm,s1,111.68
8/2/2021 8:29:05 pm,s2,115.59
8/2/2021 8:29:09 pm,s1,109.73
8/2/2021 8:29:13 pm,s2,112.66
8/2/2021 8:29:17 pm,s1,111.68
8/2/2021 8:29:21 pm,s2,114.61
8/2/2021 8:29:25 pm,s1,111.68
8/2/2021 8:29:29 pm,s2,114.61
8/2/2021 8:29:34 pm,s1,112.66
8/2/2021 8:29:38 pm,s2,115.59
8/2/2021 8:29:42 pm,s1,112.66
8/2/2021 8:29:46 pm,s2,115.59
8/2/2021 8:29:50 pm,s1,115.59
8/2/2021 8:29:54 pm,s2,118.52
8/2/2021 8:29:59 pm,s1,117.55
8/2/2021 8:30:03 pm,s2,121.46
8/2/2021 8:30:07 pm,s1,116.57
8/2/2021 8:30:11 pm,s2,119.5
8/2/2021 8:30:15 pm,s1,117.55
8/2/2021 8:30:19 pm,s2,120.48
8/2/2021 8:30:23 pm,s1,106.79
8/2/2021 8:30:28 pm,s2,110.7
8/2/2021 8:30:32 pm,s1,107.77
8/2/2021 8:30:36 pm,s2,110.7
8/2/2021 8:30:40 pm,s1,108.75
8/2/2021 8:30:44 pm,s2,111.68
8/2/2021 8:30:48 pm,s1,107.77
8/2/2021 8:30:52 pm,s2,109.73
8/2/2021 8:30:56 pm,s1,108.75
8/2/2021 8:31:01 pm,s2,110.7
8/2/2021 8:31:05 pm,s1,107.77
8/2/2021 8:31:11 pm,s2,110.7
8/2/2021 8:31:16 pm,s1,107.77
8/2/2021 8:31:20 pm,s2,111.68
8/2/2021 8:31:24 pm,s1,106.79
8/2/2021 8:31:28 pm,s2,107.77
8/2/2021 8:31:32 pm,s1,108.75
8/2/2021 8:31:36 pm,s2,111.68
8/2/2021 8:31:40 pm,s1,108.75
8/2/2021 8:31:45 pm,s2,112.66
8/2/2021 8:31:49 pm,s1,107.77
8/2/2021 8:31:53 pm,s2,111.68
8/2/2021 8:31:57 pm,s1,103.86
8/2/2021 8:32:01 pm,s2,110.7
8/2/2021 8:32:05 pm,s1,102.88
8/2/2021 8:32:09 pm,s2,110.7
8/2/2021 8:32:14 pm,s1,103.86
8/2/2021 8:32:18 pm,s2,112.66
8/2/2021 8:32:22 pm,s1,101.91
8/2/2021 8:32:26 pm,s2,111.68
8/2/2021 8:32:30 pm,s1,99.95
8/2/2021 8:32:34 pm,s2,108.75
8/2/2021 8:32:38 pm,s1,95.06
8/2/2021 8:32:42 pm,s2,105.82
8/2/2021 8:32:47 pm,s1,96.04
8/2/2021 8:32:51 pm,s2,108.75
8/2/2021 8:32:55 pm,s1,92.13
8/2/2021 8:32:59 pm,s2,104.84
8/2/2021 8:33:03 pm,s1,93.11
8/2/2021 8:33:07 pm,s2,107.77
8/2/2021 8:33:11 pm,s1,93.11
8/2/2021 8:33:16 pm,s2,107.77
8/2/2021 8:33:20 pm,s1,92.13
8/2/2021 8:33:24 pm,s2,108.75
8/2/2021 8:33:28 pm,s1,91.15
8/2/2021 8:33:32 pm,s2,107.77
8/2/2021 8:33:36 pm,s1,90.18
8/2/2021 8:33:40 pm,s2,107.77
8/2/2021 8:33:45 pm,s1,88.22
8/2/2021 8:33:49 pm,s2,106.79
8/2/2021 8:33:53 pm,s1,88.22
8/2/2021 8:33:57 pm,s2,106.79
8/2/2021 8:34:01 pm,s1,89.2
8/2/2021 8:34:05 pm,s2,108.75
8/2/2021 8:34:10 pm,s1,88.22
8/2/2021 8:34:14 pm,s2,107.77
8/2/2021 8:34:18 pm,s1,86.27
8/2/2021 8:34:22 pm,s2,105.82
8/2/2021 8:34:26 pm,s1,85.29
8/2/2021 8:34:30 pm,s2,106.79
8/2/2021 8:34:34 pm,s1,80.4
8/2/2021 8:34:38 pm,s2,98.97
8/2/2021 8:34:43 pm,s1,85.29
8/2/2021 8:34:47 pm,s2,109.73
8/2/2021 8:34:51 pm,s1,81.38
8/2/2021 8:34:55 pm,s2,105.82
8/2/2021 8:34:59 pm,s1,82.36
8/2/2021 8:35:03 pm,s2,107.77
8/2/2021 8:35:09 pm,s1,80.4
8/2/2021 8:35:13 pm,s2,105.82
8/2/2021 8:35:17 pm,s1,79.42
8/2/2021 8:35:21 pm,s2,106.79
8/2/2021 8:35:25 pm,s1,79.42
8/2/2021 8:35:29 pm,s2,106.79
8/2/2021 8:35:34 pm,s1,78.45
8/2/2021 8:35:38 pm,s2,106.79
8/2/2021 8:35:42 pm,s1,78.45
8/2/2021 8:35:46 pm,s2,106.79
8/2/2021 8:35:51 pm,s1,77.47
8/2/2021 8:35:55 pm,s2,106.79
8/2/2021 8:35:59 pm,s1,76.49
8/2/2021 8:36:03 pm,s2,105.82
8/2/2021 8:36:07 pm,s1,76.49
8/2/2021 8:36:12 pm,s2,106.79
8/2/2021 8:36:16 pm,s1,76.49
8/2/2021 8:36:20 pm,s2,106.79
8/2/2021 8:36:24 pm,s1,74.54
8/2/2021 8:36:29 pm,s2,104.84
8/2/2021 8:36:33 pm,s1,76.49
8/2/2021 8:36:37 pm,s2,107.77
8/2/2021 8:36:41 pm,s1,74.54
8/2/2021 8:36:45 pm,s2,107.77
8/2/2021 8:36:49 pm,s1,75.51
8/2/2021 8:36:53 pm,s2,107.77
8/2/2021 8:36:57 pm,s1,74.54
8/2/2021 8:37:02 pm,s2,107.77
8/2/2021 8:37:06 pm,s1,73.56
8/2/2021 8:37:10 pm,s2,105.82
8/2/2021 8:37:14 pm,s1,74.54
8/2/2021 8:37:18 pm,s2,107.77
8/2/2021 8:37:22 pm,s1,73.56
8/2/2021 8:37:26 pm,s2,106.79
8/2/2021 8:37:30 pm,s1,73.56
8/2/2021 8:37:35 pm,s2,107.77
8/2/2021 8:37:39 pm,s1,71.6
8/2/2021 8:37:43 pm,s2,105.82
8/2/2021 8:37:47 pm,s1,72.58
8/2/2021 8:37:51 pm,s2,106.79
8/2/2021 8:37:55 pm,s1,70.63
8/2/2021 8:37:59 pm,s2,106.79
8/2/2021 8:38:04 pm,s1,70.63
8/2/2021 8:38:08 pm,s2,105.82
8/2/2021 8:38:12 pm,s1,70.63
8/2/2021 8:38:16 pm,s2,106.79
8/2/2021 8:38:20 pm,s1,71.6
8/2/2021 8:38:24 pm,s2,107.77
8/2/2021 8:38:28 pm,s1,69.65
8/2/2021 8:38:32 pm,s2,105.82
8/2/2021 8:38:37 pm,s1,69.65
8/2/2021 8:38:41 pm,s2,105.82
8/2/2021 8:38:45 pm,s1,69.65
8/2/2021 8:38:49 pm,s2,105.82
8/2/2021 8:38:53 pm,s1,68.67
8/2/2021 8:38:57 pm,s2,105.82
8/2/2021 8:39:01 pm,s1,70.63
8/2/2021 8:39:06 pm,s2,107.77
8/2/2021 8:39:10 pm,s1,67.69
8/2/2021 8:39:14 pm,s2,105.82
8/2/2021 8:39:18 pm,s1,68.67
8/2/2021 8:39:22 pm,s2,106.79
8/2/2021 8:39:26 pm,s1,67.69
8/2/2021 8:39:30 pm,s2,105.82
8/2/2021 8:39:35 pm,s1,67.69
8/2/2021 8:39:39 pm,s2,106.79
8/2/2021 8:39:43 pm,s1,67.69
8/2/2021 8:39:47 pm,s2,105.82
8/2/2021 8:39:51 pm,s1,67.69
8/2/2021 8:39:55 pm,s2,106.79
8/2/2021 8:40:00 pm,s1,66.72
8/2/2021 8:40:04 pm,s2,106.79
8/2/2021 8:40:08 pm,s1,66.72
8/2/2021 8:40:12 pm,s2,107.77
8/2/2021 8:40:16 pm,s1,65.74
8/2/2021 8:40:20 pm,s2,105.82
8/2/2021 8:40:25 pm,s1,65.74
8/2/2021 8:40:29 pm,s2,105.82
8/2/2021 8:40:33 pm,s1,66.72
8/2/2021 8:40:37 pm,s2,106.79
8/2/2021 8:40:41 pm,s1,65.74
8/2/2021 8:40:45 pm,s2,105.82
8/2/2021 8:40:49 pm,s1,65.74
8/2/2021 8:40:53 pm,s2,106.79
8/2/2021 8:40:58 pm,s1,64.76
8/2/2021 8:41:02 pm,s2,105.82
8/2/2021 8:41:06 pm,s1,64.76
8/2/2021 8:41:10 pm,s2,106.79
8/2/2021 8:41:14 pm,s1,63.78
8/2/2021 8:41:18 pm,s2,105.82
8/2/2021 8:41:23 pm,s1,63.78
8/2/2021 8:41:27 pm,s2,104.84
8/2/2021 8:41:31 pm,s1,64.76
8/2/2021 8:41:35 pm,s2,106.79
8/2/2021 8:41:39 pm,s1,63.78
8/2/2021 8:41:43 pm,s2,105.82
8/2/2021 8:41:47 pm,s1,62.81
8/2/2021 8:41:52 pm,s2,106.79
8/2/2021 8:41:56 pm,s1,62.81
8/2/2021 8:42:00 pm,s2,105.82
8/2/2021 8:42:04 pm,s1,62.81
8/2/2021 8:42:08 pm,s2,105.82
8/2/2021 8:42:12 pm,s1,61.83
8/2/2021 8:42:16 pm,s2,104.84
8/2/2021 8:42:21 pm,s1,62.81
8/2/2021 8:42:25 pm,s2,106.79
8/2/2021 8:42:29 pm,s1,62.81
8/2/2021 8:42:36 pm,s2,106.79
8/2/2021 8:42:39 pm,s1,62.81
8/2/2021 8:42:43 pm,s2,107.77
8/2/2021 8:42:47 pm,s1,60.85
8/2/2021 8:42:52 pm,s2,105.82
8/2/2021 8:42:56 pm,s1,62.81
8/2/2021 8:43:00 pm,s2,107.77
8/2/2021 8:43:04 pm,s1,61.83
8/2/2021 8:43:08 pm,s2,106.79
8/2/2021 8:43:12 pm,s1,62.81
8/2/2021 8:43:17 pm,s2,108.75
8/2/2021 8:43:21 pm,s1,62.81
8/2/2021 8:43:25 pm,s2,107.77
8/2/2021 8:43:29 pm,s1,61.83
8/2/2021 8:43:33 pm,s2,105.82
8/2/2021 8:43:38 pm,s1,62.81
8/2/2021 8:43:42 pm,s2,108.75
8/2/2021 8:43:46 pm,s1,60.85
8/2/2021 8:43:50 pm,s2,106.79
8/2/2021 8:43:54 pm,s1,60.85
8/2/2021 8:43:58 pm,s2,106.79
8/2/2021 8:44:02 pm,s1,60.85
8/2/2021 8:44:07 pm,s2,105.82
8/2/2021 8:44:11 pm,s1,61.83
8/2/2021 8:44:15 pm,s2,107.77
8/2/2021 8:44:19 pm,s1,59.87
8/2/2021 8:44:23 pm,s2,106.79
8/2/2021 8:44:27 pm,s1,60.85
8/2/2021 8:44:31 pm,s2,106.79
8/2/2021 8:44:36 pm,s1,59.87
8/2/2021 8:44:40 pm,s2,106.79
8/2/2021 8:44:44 pm,s1,59.87
8/2/2021 8:44:48 pm,s2,105.82
8/2/2021 8:44:52 pm,s1,58.9
8/2/2021 8:44:56 pm,s2,106.79
8/2/2021 8:45:01 pm,s1,58.9
8/2/2021 8:45:05 pm,s2,105.82
8/2/2021 8:45:09 pm,s1,58.9
8/2/2021 8:45:13 pm,s2,106.79
8/2/2021 8:45:17 pm,s1,58.9
8/2/2021 8:45:21 pm,s2,106.79
8/2/2021 8:45:25 pm,s1,57.92
8/2/2021 8:45:29 pm,s2,103.86
8/2/2021 8:45:34 pm,s1,57.92
8/2/2021 8:45:38 pm,s2,105.82
8/2/2021 8:45:42 pm,s1,57.92
8/2/2021 8:45:46 pm,s2,104.84
8/2/2021 8:45:50 pm,s1,58.9
8/2/2021 8:45:54 pm,s2,106.79
8/2/2021 8:45:58 pm,s1,57.92
8/2/2021 8:46:03 pm,s2,105.82
8/2/2021 8:46:07 pm,s1,58.9
8/2/2021 8:46:11 pm,s2,106.79
8/2/2021 8:46:15 pm,s1,56.94
8/2/2021 8:46:19 pm,s2,105.82
8/2/2021 8:46:23 pm,s1,57.92
8/2/2021 8:46:27 pm,s2,105.82
8/2/2021 8:46:32 pm,s1,57.92
8/2/2021 8:46:36 pm,s2,106.79
8/2/2021 8:46:40 pm,s1,56.94
8/2/2021 8:46:44 pm,s2,105.82
8/2/2021 8:46:48 pm,s1,57.92
8/2/2021 8:46:52 pm,s2,106.79
8/2/2021 8:46:56 pm,s1,56.94
8/2/2021 8:47:01 pm,s2,106.79
8/2/2021 8:47:05 pm,s1,56.94
8/2/2021 8:47:09 pm,s2,106.79
8/2/2021 8:47:13 pm,s1,55.96
8/2/2021 8:47:17 pm,s2,105.82
8/2/2021 8:47:21 pm,s1,55.96
8/2/2021 8:47:25 pm,s2,105.82
8/2/2021 8:47:30 pm,s1,54.99
8/2/2021 8:47:34 pm,s2,104.84
8/2/2021 8:47:38 pm,s1,55.96
8/2/2021 8:47:42 pm,s2,105.82
8/2/2021 8:47:46 pm,s1,55.96
8/2/2021 8:47:50 pm,s2,105.82
8/2/2021 8:47:54 pm,s1,54.01
8/2/2021 8:47:58 pm,s2,103.86
8/2/2021 8:48:03 pm,s1,55.96
8/2/2021 8:48:07 pm,s2,105.82
8/2/2021 8:48:11 pm,s1,54.99
8/2/2021 8:48:15 pm,s2,104.84
8/2/2021 8:48:19 pm,s1,54.99
8/2/2021 8:48:23 pm,s2,104.84
8/2/2021 8:48:27 pm,s1,54.99
8/2/2021 8:48:32 pm,s2,106.79
8/2/2021 8:48:36 pm,s1,54.99
8/2/2021 8:48:40 pm,s2,105.82
8/2/2021 8:48:44 pm,s1,54.01
8/2/2021 8:48:48 pm,s2,104.84
8/2/2021 8:48:52 pm,s1,54.01
8/2/2021 8:48:56 pm,s2,104.84
8/2/2021 8:49:01 pm,s1,54.01
8/2/2021 8:49:05 pm,s2,103.86
8/2/2021 8:49:09 pm,s1,54.01
8/2/2021 8:49:13 pm,s2,104.84
8/2/2021 8:49:17 pm,s1,54.99
8/2/2021 8:49:21 pm,s2,105.82
8/2/2021 8:49:26 pm,s1,54.99
8/2/2021 8:49:30 pm,s2,105.82
8/2/2021 8:49:34 pm,s1,54.01
8/2/2021 8:49:38 pm,s2,105.82
8/2/2021 8:49:42 pm,s1,53.03
8/2/2021 8:49:46 pm,s2,104.84
8/2/2021 8:49:50 pm,s1,53.03
8/2/2021 8:49:55 pm,s2,104.84
8/2/2021 8:49:59 pm,s1,54.01
8/2/2021 8:50:03 pm,s2,105.82
8/2/2021 8:50:07 pm,s1,53.03
8/2/2021 8:50:11 pm,s2,104.84
8/2/2021 8:50:15 pm,s1,53.03
8/2/2021 8:50:19 pm,s2,104.84
8/2/2021 8:50:24 pm,s1,52.05
8/2/2021 8:50:28 pm,s2,104.84
8/2/2021 8:50:32 pm,s1,53.03
8/2/2021 8:50:36 pm,s2,105.82
8/2/2021 8:50:40 pm,s1,53.03
8/2/2021 8:50:44 pm,s2,104.84
8/2/2021 8:50:49 pm,s1,52.05
8/2/2021 8:50:53 pm,s2,104.84
8/2/2021 8:50:57 pm,s1,51.08
8/2/2021 8:51:01 pm,s2,104.84
8/2/2021 8:51:05 pm,s1,52.05
8/2/2021 8:51:09 pm,s2,103.86
8/2/2021 8:51:13 pm,s1,53.03
8/2/2021 8:51:18 pm,s2,105.82
8/2/2021 8:51:22 pm,s1,51.08
8/2/2021 8:51:26 pm,s2,104.84
8/2/2021 8:51:30 pm,s1,52.05
8/2/2021 8:51:34 pm,s2,104.84
8/2/2021 8:51:38 pm,s1,53.03
8/2/2021 8:51:43 pm,s2,106.79
8/2/2021 8:51:47 pm,s1,51.08
8/2/2021 8:51:51 pm,s2,103.86
8/2/2021 8:51:55 pm,s1,51.08
8/2/2021 8:51:59 pm,s2,103.86
8/2/2021 8:52:03 pm,s1,51.08
8/2/2021 8:52:08 pm,s2,104.84
8/2/2021 8:52:12 pm,s1,51.08
8/2/2021 8:52:16 pm,s2,104.84
8/2/2021 8:52:20 pm,s1,52.05
8/2/2021 8:52:24 pm,s2,105.82
8/2/2021 8:52:28 pm,s1,51.08
8/2/2021 8:52:32 pm,s2,104.84
8/2/2021 8:52:37 pm,s1,51.08
8/2/2021 8:52:41 pm,s2,103.86
8/2/2021 8:52:45 pm,s1,51.08
8/2/2021 8:52:49 pm,s2,105.82
8/2/2021 8:52:53 pm,s1,50.1
8/2/2021 8:52:57 pm,s2,103.86
8/2/2021 8:53:02 pm,s1,50.1
8/2/2021 8:53:06 pm,s2,104.84
8/2/2021 8:53:10 pm,s1,51.08
8/2/2021 8:53:14 pm,s2,105.82
8/2/2021 8:53:18 pm,s1,50.1
8/2/2021 8:53:22 pm,s2,104.84
8/2/2021 8:53:26 pm,s1,49.12
8/2/2021 8:53:31 pm,s2,102.88
8/2/2021 8:53:35 pm,s1,50.1
8/2/2021 8:53:39 pm,s2,103.86
8/2/2021 8:53:43 pm,s1,49.12
8/2/2021 8:53:47 pm,s2,102.88
8/2/2021 8:53:52 pm,s1,50.1
8/2/2021 8:53:56 pm,s2,105.82
8/2/2021 8:54:00 pm,s1,50.1
8/2/2021 8:54:04 pm,s2,103.86
8/2/2021 8:54:08 pm,s1,50.1
8/2/2021 8:54:12 pm,s2,104.84
8/2/2021 8:54:16 pm,s1,48.14
8/2/2021 8:54:20 pm,s2,103.86
8/2/2021 8:54:25 pm,s1,50.1
8/2/2021 8:54:29 pm,s2,103.86
8/2/2021 8:54:33 pm,s1,49.12
8/2/2021 8:54:37 pm,s2,103.86
8/2/2021 8:54:41 pm,s1,50.1
8/2/2021 8:54:45 pm,s2,105.82
8/2/2021 8:54:50 pm,s1,49.12
8/2/2021 8:54:54 pm,s2,103.86
8/2/2021 8:54:58 pm,s1,48.14
8/2/2021 8:55:02 pm,s2,102.88
8/2/2021 8:55:06 pm,s1,49.12
8/2/2021 8:55:10 pm,s2,103.86
8/2/2021 8:55:14 pm,s1,48.14
8/2/2021 8:55:19 pm,s2,102.88
8/2/2021 8:55:23 pm,s1,49.12
8/2/2021 8:55:27 pm,s2,103.86
8/2/2021 8:55:31 pm,s1,48.14
8/2/2021 8:55:35 pm,s2,104.84
8/2/2021 8:55:40 pm,s1,47.17
8/2/2021 8:55:44 pm,s2,103.86
8/2/2021 8:55:48 pm,s1,47.17
8/2/2021 8:55:52 pm,s2,102.88
8/2/2021 8:55:56 pm,s1,48.14
8/2/2021 8:56:00 pm,s2,102.88
8/2/2021 8:56:04 pm,s1,48.14
8/2/2021 8:56:08 pm,s2,102.88
8/2/2021 8:56:13 pm,s1,47.17
8/2/2021 8:56:17 pm,s2,102.88
8/2/2021 8:56:21 pm,s1,48.14
8/2/2021 8:56:25 pm,s2,101.91
8/2/2021 8:56:29 pm,s1,47.17
8/2/2021 8:56:33 pm,s2,102.88
8/2/2021 8:56:38 pm,s1,49.12
8/2/2021 8:56:42 pm,s2,104.84
8/2/2021 8:56:46 pm,s1,48.14
8/2/2021 8:56:50 pm,s2,103.86
8/2/2021 8:56:54 pm,s1,46.19
8/2/2021 8:56:58 pm,s2,101.91
8/2/2021 8:57:02 pm,s1,46.19
8/2/2021 8:57:06 pm,s2,101.91
8/2/2021 8:57:11 pm,s1,47.17
8/2/2021 8:57:15 pm,s2,101.91
8/2/2021 8:57:19 pm,s1,47.17
8/2/2021 8:57:23 pm,s2,101.91
8/2/2021 8:57:27 pm,s1,46.19
8/2/2021 8:57:31 pm,s2,101.91
8/2/2021 8:57:36 pm,s1,46.19
8/2/2021 8:57:40 pm,s2,101.91
8/2/2021 8:57:44 pm,s1,46.19
8/2/2021 8:57:48 pm,s2,102.88
8/2/2021 8:57:52 pm,s1,46.19
8/2/2021 8:57:56 pm,s2,101.91
8/2/2021 8:58:00 pm,s1,46.19
8/2/2021 8:58:05 pm,s2,102.88
8/2/2021 8:58:09 pm,s1,45.21
8/2/2021 8:58:13 pm,s2,102.88
8/2/2021 8:58:17 pm,s1,45.21
8/2/2021 8:58:21 pm,s2,100.93
8/2/2021 8:58:25 pm,s1,46.19
8/2/2021 8:58:29 pm,s2,101.91
8/2/2021 8:58:34 pm,s1,46.19
8/2/2021 8:58:38 pm,s2,102.88
8/2/2021 8:58:42 pm,s1,46.19
8/2/2021 8:58:46 pm,s2,101.91
8/2/2021 8:58:50 pm,s1,46.19
8/2/2021 8:58:54 pm,s2,102.88
8/2/2021 8:58:59 pm,s1,46.19
8/2/2021 8:59:03 pm,s2,102.88
8/2/2021 8:59:07 pm,s1,46.19
8/2/2021 8:59:11 pm,s2,101.91
8/2/2021 8:59:15 pm,s1,46.19
8/2/2021 8:59:19 pm,s2,101.91
8/2/2021 8:59:23 pm,s1,45.21
8/2/2021 8:59:27 pm,s2,101.91
8/2/2021 8:59:32 pm,s1,46.19
8/2/2021 8:59:36 pm,s2,101.91
8/2/2021 8:59:40 pm,s1,47.17
8/2/2021 8:59:44 pm,s2,103.86
8/2/2021 8:59:48 pm,s1,45.21
8/2/2021 8:59:52 pm,s2,101.91
8/2/2021 8:59:56 pm,s1,44.23
8/2/2021 9:00:00 pm,s2,100.93
8/2/2021 9:00:05 pm,s1,45.21
8/2/2021 9:00:09 pm,s2,101.91
8/2/2021 9:00:13 pm,s1,45.21
8/2/2021 9:00:17 pm,s2,101.91
8/2/2021 9:00:21 pm,s1,45.21
8/2/2021 9:00:25 pm,s2,101.91
8/2/2021 9:00:29 pm,s1,46.19
8/2/2021 9:00:33 pm,s2,102.88
8/2/2021 9:00:38 pm,s1,45.21
8/2/2021 9:00:42 pm,s2,102.88
8/2/2021 9:00:46 pm,s1,45.21
8/2/2021 9:00:50 pm,s2,102.88
8/2/2021 9:00:54 pm,s1,46.19
8/2/2021 9:00:58 pm,s2,103.86
8/2/2021 9:01:02 pm,s1,44.23
8/2/2021 9:01:06 pm,s2,101.91
8/2/2021 9:01:10 pm,s1,45.21
8/2/2021 9:01:14 pm,s2,102.88
8/2/2021 9:01:19 pm,s1,45.21
8/2/2021 9:01:23 pm,s2,102.88
8/2/2021 9:01:27 pm,s1,44.23
8/2/2021 9:01:31 pm,s2,100.93
8/2/2021 9:01:35 pm,s1,44.23
8/2/2021 9:01:39 pm,s2,101.91
8/2/2021 9:01:43 pm,s1,44.23
8/2/2021 9:01:47 pm,s2,100.93
8/2/2021 9:01:51 pm,s1,43.26
8/2/2021 9:01:55 pm,s2,100.93
8/2/2021 9:02:00 pm,s1,44.23
8/2/2021 9:02:04 pm,s2,100.93
8/2/2021 9:02:08 pm,s1,44.23
8/2/2021 9:02:12 pm,s2,101.91
8/2/2021 9:02:16 pm,s1,43.26
8/2/2021 9:02:20 pm,s2,100.93
8/2/2021 9:02:24 pm,s1,43.26
8/2/2021 9:02:29 pm,s2,100.93
8/2/2021 9:02:33 pm,s1,43.26
8/2/2021 9:02:37 pm,s2,100.93
8/2/2021 9:02:41 pm,s1,44.23
8/2/2021 9:02:45 pm,s2,100.93
8/2/2021 9:02:49 pm,s1,43.26
8/2/2021 9:02:53 pm,s2,100.93
8/2/2021 9:02:58 pm,s1,43.26
8/2/2021 9:03:02 pm,s2,99.95
8/2/2021 9:03:06 pm,s1,44.23
8/2/2021 9:03:10 pm,s2,101.91
8/2/2021 9:03:14 pm,s1,42.28
8/2/2021 9:03:18 pm,s2,99.95
8/2/2021 9:03:23 pm,s1,42.28
8/2/2021 9:03:27 pm,s2,99.95
8/2/2021 9:03:31 pm,s1,42.28
8/2/2021 9:03:35 pm,s2,100.93
8/2/2021 9:03:39 pm,s1,42.28
8/2/2021 9:03:43 pm,s2,99.95
8/2/2021 9:03:48 pm,s1,43.26
8/2/2021 9:03:52 pm,s2,101.91
8/2/2021 9:03:56 pm,s1,43.26
8/2/2021 9:04:00 pm,s2,100.93
8/2/2021 9:04:04 pm,s1,43.26
8/2/2021 9:04:08 pm,s2,100.93
8/2/2021 9:04:12 pm,s1,43.26
8/2/2021 9:04:17 pm,s2,99.95
8/2/2021 9:04:21 pm,s1,42.28
8/2/2021 9:04:25 pm,s2,100.93
8/2/2021 9:04:29 pm,s1,43.26
8/2/2021 9:04:33 pm,s2,100.93
8/2/2021 9:04:37 pm,s1,43.26
8/2/2021 9:04:41 pm,s2,101.91
8/2/2021 9:04:46 pm,s1,43.26
8/2/2021 9:04:50 pm,s2,99.95
8/2/2021 9:04:54 pm,s1,41.3
8/2/2021 9:04:58 pm,s2,98.97
8/2/2021 9:05:02 pm,s1,42.28
8/2/2021 9:05:06 pm,s2,100.93
8/2/2021 9:05:11 pm,s1,41.3
8/2/2021 9:05:15 pm,s2,99.95
8/2/2021 9:05:19 pm,s1,43.26
8/2/2021 9:05:23 pm,s2,100.93
8/2/2021 9:05:27 pm,s1,41.3
8/2/2021 9:05:31 pm,s2,98.97
8/2/2021 9:05:36 pm,s1,41.3
8/2/2021 9:05:40 pm,s2,99.95
8/2/2021 9:05:44 pm,s1,42.28
8/2/2021 9:05:48 pm,s2,99.95
8/2/2021 9:05:52 pm,s1,41.3
8/2/2021 9:05:56 pm,s2,99.95
8/2/2021 9:06:00 pm,s1,42.28
8/2/2021 9:06:05 pm,s2,100.93
8/2/2021 9:06:09 pm,s1,42.28
8/2/2021 9:06:13 pm,s2,100.93
8/2/2021 9:06:17 pm,s1,40.32
8/2/2021 9:06:21 pm,s2,98.97
8/2/2021 9:06:25 pm,s1,41.3
8/2/2021 9:06:29 pm,s2,98.97
8/2/2021 9:06:34 pm,s1,42.28
8/2/2021 9:06:38 pm,s2,99.95
8/2/2021 9:06:42 pm,s1,42.28
8/2/2021 9:06:46 pm,s2,99.95
8/2/2021 9:06:50 pm,s1,41.3
8/2/2021 9:06:54 pm,s2,99.95
8/2/2021 9:06:58 pm,s1,41.3
8/2/2021 9:07:03 pm,s2,99.95
8/2/2021 9:07:07 pm,s1,41.3
8/2/2021 9:07:11 pm,s2,99.95
8/2/2021 9:07:15 pm,s1,42.28
8/2/2021 9:07:19 pm,s2,99.95
8/2/2021 9:07:23 pm,s1,41.3
8/2/2021 9:07:27 pm,s2,98.97
8/2/2021 9:07:31 pm,s1,42.28
8/2/2021 9:07:36 pm,s2,100.93
8/2/2021 9:07:40 pm,s1,41.3
8/2/2021 9:07:44 pm,s2,99.95
8/2/2021 9:07:48 pm,s1,41.3
8/2/2021 9:07:52 pm,s2,99.95
8/2/2021 9:07:56 pm,s1,41.3
8/2/2021 9:08:00 pm,s2,99.95
8/2/2021 9:08:05 pm,s1,40.32
8/2/2021 9:08:09 pm,s2,98.97
8/2/2021 9:08:13 pm,s1,41.3
8/2/2021 9:08:17 pm,s2,98.97
8/2/2021 9:08:21 pm,s1,41.3
8/2/2021 9:08:25 pm,s2,100.93
8/2/2021 9:08:30 pm,s1,41.3
8/2/2021 9:08:34 pm,s2,98.97
8/2/2021 9:08:38 pm,s1,41.3
8/2/2021 9:08:42 pm,s2,99.95
8/2/2021 9:08:46 pm,s1,40.32
8/2/2021 9:08:50 pm,s2,98.97
8/2/2021 9:08:54 pm,s1,39.35
8/2/2021 9:08:59 pm,s2,98.97
8/2/2021 9:09:03 pm,s1,40.32
8/2/2021 9:09:07 pm,s2,98.97
8/2/2021 9:09:11 pm,s1,40.32
8/2/2021 9:09:15 pm,s2,98.97
8/2/2021 9:09:19 pm,s1,40.32
8/2/2021 9:09:24 pm,s2,98.97
8/2/2021 9:09:28 pm,s1,41.3
8/2/2021 9:09:32 pm,s2,100.93
8/2/2021 9:09:36 pm,s1,40.32
8/2/2021 9:09:40 pm,s2,98.97
8/2/2021 9:09:44 pm,s1,40.32
8/2/2021 9:09:49 pm,s2,98.97
8/2/2021 9:09:55 pm,s1,40.32
8/2/2021 9:09:59 pm,s2,99.95
