9/3/2021 7:25:02 pm,s2,54.99
9/3/2021 7:25:06 pm,s1,27.61
9/3/2021 7:25:11 pm,s2,53.03
9/3/2021 7:25:15 pm,s1,26.64
9/3/2021 7:25:19 pm,s2,52.05
9/3/2021 7:25:23 pm,s1,28.59
9/3/2021 7:25:27 pm,s2,56.94
9/3/2021 7:25:31 pm,s1,27.61
9/3/2021 7:25:35 pm,s2,58.9
9/3/2021 7:25:39 pm,s1,26.64
9/3/2021 7:25:44 pm,s2,51.08
9/3/2021 7:25:48 pm,s1,26.64
9/3/2021 7:25:52 pm,s2,54.99
9/3/2021 7:25:56 pm,s1,25.66
9/3/2021 7:26:00 pm,s2,52.05
9/3/2021 7:26:04 pm,s1,28.59
9/3/2021 7:26:08 pm,s2,55.96
9/3/2021 7:26:13 pm,s1,29.57
9/3/2021 7:26:17 pm,s2,56.94
9/3/2021 7:26:21 pm,s1,26.64
9/3/2021 7:26:25 pm,s2,55.96
9/3/2021 7:26:29 pm,s1,29.57
9/3/2021 7:26:33 pm,s2,56.94
9/3/2021 7:26:37 pm,s1,29.57
9/3/2021 7:26:41 pm,s2,56.94
9/3/2021 7:26:45 pm,s1,27.61
9/3/2021 7:26:49 pm,s2,55.96
9/3/2021 7:26:55 pm,s1,27.61
9/3/2021 7:26:59 pm,s2,54.99
9/3/2021 7:27:03 pm,s1,24.68
9/3/2021 7:27:07 pm,s2,52.05
9/3/2021 7:27:11 pm,s1,26.64
9/3/2021 7:27:15 pm,s2,54.01
9/3/2021 7:27:19 pm,s1,27.61
9/3/2021 7:27:23 pm,s2,58.9
9/3/2021 7:27:28 pm,s1,25.66
9/3/2021 7:27:32 pm,s2,54.99
9/3/2021 7:27:36 pm,s1,26.64
9/3/2021 7:27:40 pm,s2,54.99
9/3/2021 7:27:44 pm,s1,28.59
9/3/2021 7:27:48 pm,s2,56.94
9/3/2021 7:27:52 pm,s1,28.59
9/3/2021 7:27:56 pm,s2,59.87
9/3/2021 7:28:01 pm,s1,29.57
9/3/2021 7:28:05 pm,s2,59.87
9/3/2021 7:28:09 pm,s1,29.57
9/3/2021 7:28:13 pm,s2,54.99
9/3/2021 7:28:17 pm,s1,28.59
9/3/2021 7:28:21 pm,s2,57.92
9/3/2021 7:28:25 pm,s1,25.66
9/3/2021 7:28:29 pm,s2,54.01
9/3/2021 7:28:35 pm,s1,28.59
9/3/2021 7:28:39 pm,s2,55.96
9/3/2021 7:28:43 pm,s1,26.64
9/3/2021 7:28:50 pm,s2,53.03
9/3/2021 7:28:54 pm,s1,26.64
9/3/2021 7:28:58 pm,s2,58.9
9/3/2021 7:29:02 pm,s1,25.66
9/3/2021 7:29:06 pm,s2,54.99
9/3/2021 7:29:11 pm,s1,30.55
9/3/2021 7:29:15 pm,s2,60.85
9/3/2021 7:29:19 pm,s1,24.68
9/3/2021 7:29:23 pm,s2,52.05
9/3/2021 7:29:27 pm,s1,28.59
9/3/2021 7:29:31 pm,s2,59.87
9/3/2021 7:29:35 pm,s1,28.59
9/3/2021 7:29:39 pm,s2,57.92
9/3/2021 7:29:44 pm,s1,27.61
9/3/2021 7:29:48 pm,s2,55.96
9/3/2021 7:29:52 pm,s1,26.64
9/3/2021 7:29:56 pm,s2,57.92
9/3/2021 7:30:00 pm,s1,28.59
9/3/2021 7:30:04 pm,s2,59.87
9/3/2021 7:30:08 pm,s1,26.64
9/3/2021 7:30:13 pm,s2,58.9
9/3/2021 7:30:17 pm,s1,27.61
9/3/2021 7:30:21 pm,s2,59.87
9/3/2021 7:30:25 pm,s1,26.64
9/3/2021 7:30:29 pm,s2,55.96
9/3/2021 7:30:33 pm,s1,26.64
9/3/2021 7:30:37 pm,s2,58.9
9/3/2021 7:30:41 pm,s1,27.61
9/3/2021 7:30:46 pm,s2,63.78
9/3/2021 7:30:50 pm,s1,26.64
9/3/2021 7:30:54 pm,s2,60.85
9/3/2021 7:30:58 pm,s1,26.64
9/3/2021 7:31:02 pm,s2,61.83
9/3/2021 7:31:06 pm,s1,26.64
9/3/2021 7:31:10 pm,s2,59.87
9/3/2021 7:31:14 pm,s1,30.55
9/3/2021 7:31:19 pm,s2,65.74
9/3/2021 7:31:23 pm,s1,26.64
9/3/2021 7:31:27 pm,s2,56.94
9/3/2021 7:31:31 pm,s1,27.61
9/3/2021 7:31:35 pm,s2,61.83
9/3/2021 7:31:39 pm,s1,27.61
9/3/2021 7:31:45 pm,s2,60.85
9/3/2021 7:31:48 pm,s1,28.59
9/3/2021 7:31:53 pm,s2,62.81
9/3/2021 7:31:57 pm,s1,28.59
9/3/2021 7:32:01 pm,s2,63.78
9/3/2021 7:32:05 pm,s1,26.64
9/3/2021 7:32:09 pm,s2,62.81
9/3/2021 7:32:22 pm,s1,26.64
9/3/2021 7:32:26 pm,s2,59.87
9/3/2021 7:32:31 pm,s1,28.59
9/3/2021 7:32:35 pm,s2,61.83
9/3/2021 7:32:39 pm,s1,29.57
9/3/2021 7:32:43 pm,s2,66.72
9/3/2021 7:32:47 pm,s1,27.61
9/3/2021 7:32:51 pm,s2,63.78
9/3/2021 7:32:55 pm,s1,30.55
9/3/2021 7:32:59 pm,s2,64.76
9/3/2021 7:33:04 pm,s1,29.57
9/3/2021 7:33:08 pm,s2,62.81
9/3/2021 7:33:12 pm,s1,29.57
9/3/2021 7:33:16 pm,s2,67.69
9/3/2021 7:33:20 pm,s1,28.59
9/3/2021 7:33:24 pm,s2,66.72
9/3/2021 7:33:28 pm,s1,29.57
9/3/2021 7:33:32 pm,s2,65.74
9/3/2021 7:33:37 pm,s1,28.59
9/3/2021 7:33:41 pm,s2,64.76
9/3/2021 7:33:45 pm,s1,28.59
9/3/2021 7:33:49 pm,s2,64.76
9/3/2021 7:33:53 pm,s1,30.55
9/3/2021 7:33:57 pm,s2,65.74
9/3/2021 7:34:01 pm,s1,34.46
9/3/2021 7:34:05 pm,s2,64.76
9/3/2021 7:34:10 pm,s1,41.3
9/3/2021 7:34:14 pm,s2,66.72
9/3/2021 7:34:18 pm,s1,48.14
9/3/2021 7:34:22 pm,s2,64.76
9/3/2021 7:34:26 pm,s1,61.83
9/3/2021 7:34:30 pm,s2,74.54
9/3/2021 7:34:35 pm,s1,73.56
9/3/2021 7:34:39 pm,s2,69.65
9/3/2021 7:34:43 pm,s1,84.31
9/3/2021 7:34:47 pm,s2,74.54
9/3/2021 7:34:51 pm,s1,86.27
9/3/2021 7:34:55 pm,s2,73.56
9/3/2021 7:34:59 pm,s1,84.31
9/3/2021 7:35:03 pm,s2,63.78
9/3/2021 7:35:07 pm,s1,88.22
9/3/2021 7:35:11 pm,s2,72.58
9/3/2021 7:35:16 pm,s1,87.24
9/3/2021 7:35:20 pm,s2,69.65
9/3/2021 7:35:24 pm,s1,87.24
9/3/2021 7:35:28 pm,s2,69.65
9/3/2021 7:35:32 pm,s1,90.18
9/3/2021 7:35:36 pm,s2,71.6
9/3/2021 7:35:40 pm,s1,88.22
9/3/2021 7:35:45 pm,s2,67.69
9/3/2021 7:35:49 pm,s1,89.2
9/3/2021 7:35:53 pm,s2,68.67
9/3/2021 7:35:57 pm,s1,88.22
9/3/2021 7:36:01 pm,s2,66.72
9/3/2021 7:36:05 pm,s1,89.2
9/3/2021 7:36:09 pm,s2,67.69
9/3/2021 7:36:13 pm,s1,90.18
9/3/2021 7:36:18 pm,s2,67.69
9/3/2021 7:36:22 pm,s1,89.2
9/3/2021 7:36:26 pm,s2,67.69
9/3/2021 7:36:30 pm,s1,90.18
9/3/2021 7:36:34 pm,s2,68.67
9/3/2021 7:36:38 pm,s1,88.22
9/3/2021 7:36:42 pm,s2,66.72
9/3/2021 7:36:47 pm,s1,87.24
9/3/2021 7:36:51 pm,s2,64.76
9/3/2021 7:36:55 pm,s1,89.2
9/3/2021 7:36:59 pm,s2,67.69
9/3/2021 7:37:03 pm,s1,92.13
9/3/2021 7:37:07 pm,s2,71.6
9/3/2021 7:37:12 pm,s1,90.18
9/3/2021 7:37:16 pm,s2,65.74
9/3/2021 7:37:20 pm,s1,90.18
9/3/2021 7:37:24 pm,s2,68.67
9/3/2021 7:37:28 pm,s1,89.2
9/3/2021 7:37:32 pm,s2,68.67
9/3/2021 7:37:36 pm,s1,92.13
9/3/2021 7:37:40 pm,s2,66.72
9/3/2021 7:37:45 pm,s1,88.22
9/3/2021 7:37:49 pm,s2,68.67
9/3/2021 7:37:53 pm,s1,89.2
9/3/2021 7:37:57 pm,s2,67.69
9/3/2021 7:38:01 pm,s1,91.15
9/3/2021 7:38:05 pm,s2,70.63
9/3/2021 7:38:09 pm,s1,92.13
9/3/2021 7:38:13 pm,s2,71.6
9/3/2021 7:38:18 pm,s1,87.24
9/3/2021 7:38:22 pm,s2,68.67
9/3/2021 7:38:26 pm,s1,90.18
9/3/2021 7:38:30 pm,s2,66.72
9/3/2021 7:38:34 pm,s1,90.18
9/3/2021 7:38:38 pm,s2,70.63
9/3/2021 7:38:42 pm,s1,89.2
9/3/2021 7:38:47 pm,s2,70.63
9/3/2021 7:38:51 pm,s1,92.13
9/3/2021 7:38:55 pm,s2,65.74
9/3/2021 7:38:59 pm,s1,90.18
9/3/2021 7:39:03 pm,s2,69.65
9/3/2021 7:39:07 pm,s1,90.18
9/3/2021 7:39:11 pm,s2,68.67
9/3/2021 7:39:16 pm,s1,91.15
9/3/2021 7:39:20 pm,s2,69.65
9/3/2021 7:39:24 pm,s1,91.15
9/3/2021 7:39:28 pm,s2,70.63
9/3/2021 7:39:33 pm,s1,91.15
9/3/2021 7:39:37 pm,s2,72.58
9/3/2021 7:39:41 pm,s1,90.18
9/3/2021 7:39:45 pm,s2,69.65
9/3/2021 7:39:49 pm,s1,91.15
9/3/2021 7:39:53 pm,s2,71.6
9/3/2021 7:39:57 pm,s1,91.15
9/3/2021 7:40:01 pm,s2,64.76
9/3/2021 7:40:05 pm,s1,90.18
9/3/2021 7:40:10 pm,s2,70.63
9/3/2021 7:40:14 pm,s1,90.18
9/3/2021 7:40:18 pm,s2,69.65
9/3/2021 7:40:22 pm,s1,90.18
9/3/2021 7:40:26 pm,s2,73.56
9/3/2021 7:40:30 pm,s1,88.22
9/3/2021 7:40:34 pm,s2,69.65
9/3/2021 7:40:38 pm,s1,92.13
9/3/2021 7:40:43 pm,s2,73.56
9/3/2021 7:40:47 pm,s1,91.15
9/3/2021 7:40:51 pm,s2,71.6
9/3/2021 7:40:55 pm,s1,92.13
9/3/2021 7:40:59 pm,s2,71.6
9/3/2021 7:41:03 pm,s1,91.15
9/3/2021 7:41:07 pm,s2,71.6
9/3/2021 7:41:11 pm,s1,89.2
9/3/2021 7:41:16 pm,s2,66.72
9/3/2021 7:41:20 pm,s1,91.15
9/3/2021 7:41:24 pm,s2,70.63
9/3/2021 7:41:28 pm,s1,88.22
9/3/2021 7:41:32 pm,s2,65.74
9/3/2021 7:41:36 pm,s1,89.2
9/3/2021 7:41:40 pm,s2,67.69
9/3/2021 7:41:45 pm,s1,91.15
9/3/2021 7:41:49 pm,s2,69.65
9/3/2021 7:41:54 pm,s1,92.13
9/3/2021 7:41:58 pm,s2,72.58
9/3/2021 7:42:02 pm,s1,91.15
9/3/2021 7:42:06 pm,s2,67.69
9/3/2021 7:42:10 pm,s1,92.13
9/3/2021 7:42:14 pm,s2,69.65
9/3/2021 7:42:19 pm,s1,91.15
9/3/2021 7:42:23 pm,s2,70.63
9/3/2021 7:42:27 pm,s1,90.18
9/3/2021 7:42:31 pm,s2,69.65
9/3/2021 7:42:35 pm,s1,90.18
9/3/2021 7:42:39 pm,s2,68.67
9/3/2021 7:42:43 pm,s1,91.15
9/3/2021 7:42:47 pm,s2,71.6
9/3/2021 7:42:52 pm,s1,94.09
9/3/2021 7:42:56 pm,s2,74.54
9/3/2021 7:43:00 pm,s1,90.18
9/3/2021 7:43:04 pm,s2,70.63
9/3/2021 7:43:08 pm,s1,92.13
9/3/2021 7:43:12 pm,s2,70.63
9/3/2021 7:43:16 pm,s1,90.18
9/3/2021 7:43:20 pm,s2,67.69
9/3/2021 7:43:25 pm,s1,90.18
9/3/2021 7:43:29 pm,s2,69.65
9/3/2021 7:43:33 pm,s1,91.15
9/3/2021 7:43:37 pm,s2,69.65
9/3/2021 7:43:41 pm,s1,89.2
9/3/2021 7:43:45 pm,s2,68.67
9/3/2021 7:43:49 pm,s1,90.18
9/3/2021 7:43:54 pm,s2,69.65
9/3/2021 7:43:58 pm,s1,91.15
9/3/2021 7:44:02 pm,s2,72.58
9/3/2021 7:44:06 pm,s1,92.13
9/3/2021 7:44:10 pm,s2,73.56
9/3/2021 7:44:14 pm,s1,91.15
9/3/2021 7:44:18 pm,s2,71.6
9/3/2021 7:44:23 pm,s1,89.2
9/3/2021 7:44:27 pm,s2,69.65
9/3/2021 7:44:31 pm,s1,91.15
9/3/2021 7:44:35 pm,s2,73.56
9/3/2021 7:44:39 pm,s1,91.15
9/3/2021 7:44:43 pm,s2,70.63
9/3/2021 7:44:47 pm,s1,90.18
9/3/2021 7:44:52 pm,s2,71.6
9/3/2021 7:44:56 pm,s1,90.18
9/3/2021 7:45:00 pm,s2,71.6
9/3/2021 7:45:04 pm,s1,92.13
9/3/2021 7:45:08 pm,s2,73.56
9/3/2021 7:45:12 pm,s1,90.18
9/3/2021 7:45:16 pm,s2,71.6
9/3/2021 7:45:21 pm,s1,90.18
9/3/2021 7:45:25 pm,s2,72.58
9/3/2021 7:45:29 pm,s1,90.18
9/3/2021 7:45:33 pm,s2,70.63
9/3/2021 7:45:37 pm,s1,91.15
9/3/2021 7:45:41 pm,s2,70.63
9/3/2021 7:45:45 pm,s1,92.13
9/3/2021 7:45:50 pm,s2,73.56
9/3/2021 7:45:54 pm,s1,91.15
9/3/2021 7:45:58 pm,s2,73.56
9/3/2021 7:46:02 pm,s1,91.15
9/3/2021 7:46:06 pm,s2,73.56
9/3/2021 7:46:10 pm,s1,91.15
9/3/2021 7:46:14 pm,s2,70.63
9/3/2021 7:46:18 pm,s1,90.18
9/3/2021 7:46:23 pm,s2,68.67
9/3/2021 7:46:27 pm,s1,90.18
9/3/2021 7:46:31 pm,s2,70.63
9/3/2021 7:46:35 pm,s1,90.18
9/3/2021 7:46:39 pm,s2,72.58
9/3/2021 7:46:43 pm,s1,88.22
9/3/2021 7:46:47 pm,s2,68.67
9/3/2021 7:46:51 pm,s1,90.18
9/3/2021 7:46:56 pm,s2,71.6
9/3/2021 7:47:00 pm,s1,92.13
9/3/2021 7:47:04 pm,s2,73.56
9/3/2021 7:47:08 pm,s1,90.18
9/3/2021 7:47:12 pm,s2,72.58
9/3/2021 7:47:16 pm,s1,90.18
9/3/2021 7:47:21 pm,s2,73.56
9/3/2021 7:47:25 pm,s1,91.15
9/3/2021 7:47:29 pm,s2,72.58
9/3/2021 7:47:33 pm,s1,89.2
9/3/2021 7:47:37 pm,s2,69.65
9/3/2021 7:47:41 pm,s1,90.18
9/3/2021 7:47:45 pm,s2,72.58
9/3/2021 7:47:50 pm,s1,92.13
9/3/2021 7:47:54 pm,s2,72.58
9/3/2021 7:47:58 pm,s1,91.15
9/3/2021 7:48:02 pm,s2,69.65
9/3/2021 7:48:06 pm,s1,93.11
9/3/2021 7:48:10 pm,s2,74.54
9/3/2021 7:48:14 pm,s1,91.15
9/3/2021 7:48:19 pm,s2,71.6
9/3/2021 7:48:23 pm,s1,91.15
9/3/2021 7:48:27 pm,s2,68.67
9/3/2021 7:48:31 pm,s1,90.18
9/3/2021 7:48:35 pm,s2,70.63
9/3/2021 7:48:39 pm,s1,91.15
9/3/2021 7:48:43 pm,s2,70.63
9/3/2021 7:48:47 pm,s1,91.15
9/3/2021 7:48:52 pm,s2,69.65
9/3/2021 7:48:56 pm,s1,90.18
9/3/2021 7:49:00 pm,s2,72.58
9/3/2021 7:49:04 pm,s1,91.15
9/3/2021 7:49:08 pm,s2,72.58
9/3/2021 7:49:12 pm,s1,91.15
9/3/2021 7:49:17 pm,s2,71.6
9/3/2021 7:49:21 pm,s1,91.15
9/3/2021 7:49:25 pm,s2,71.6
9/3/2021 7:49:29 pm,s1,90.18
9/3/2021 7:49:33 pm,s2,69.65
9/3/2021 7:49:37 pm,s1,92.13
9/3/2021 7:49:41 pm,s2,70.63
9/3/2021 7:49:45 pm,s1,89.2
9/3/2021 7:49:50 pm,s2,67.69
9/3/2021 7:49:54 pm,s1,91.15
9/3/2021 7:49:58 pm,s2,72.58
9/3/2021 7:50:02 pm,s1,91.15
9/3/2021 7:50:06 pm,s2,70.63
9/3/2021 7:50:10 pm,s1,94.09
9/3/2021 7:50:14 pm,s2,75.51
9/3/2021 7:50:19 pm,s1,91.15
9/3/2021 7:50:23 pm,s2,72.58
9/3/2021 7:50:27 pm,s1,92.13
9/3/2021 7:50:31 pm,s2,74.54
9/3/2021 7:50:35 pm,s1,92.13
9/3/2021 7:50:39 pm,s2,74.54
9/3/2021 7:50:43 pm,s1,91.15
9/3/2021 7:50:47 pm,s2,73.56
9/3/2021 7:50:51 pm,s1,89.2
9/3/2021 7:50:56 pm,s2,71.6
9/3/2021 7:51:00 pm,s1,92.13
9/3/2021 7:51:04 pm,s2,75.51
9/3/2021 7:51:08 pm,s1,91.15
9/3/2021 7:51:12 pm,s2,71.6
9/3/2021 7:51:16 pm,s1,94.09
9/3/2021 7:51:20 pm,s2,75.51
9/3/2021 7:51:25 pm,s1,93.11
9/3/2021 7:51:29 pm,s2,74.54
9/3/2021 7:51:33 pm,s1,91.15
9/3/2021 7:51:37 pm,s2,73.56
9/3/2021 7:51:41 pm,s1,89.2
9/3/2021 7:51:45 pm,s2,70.63
9/3/2021 7:51:49 pm,s1,90.18
9/3/2021 7:51:54 pm,s2,72.58
9/3/2021 7:51:58 pm,s1,91.15
9/3/2021 7:52:02 pm,s2,71.6
9/3/2021 7:52:06 pm,s1,91.15
9/3/2021 7:52:10 pm,s2,72.58
9/3/2021 7:52:14 pm,s1,91.15
9/3/2021 7:52:18 pm,s2,72.58
9/3/2021 7:52:23 pm,s1,92.13
9/3/2021 7:52:27 pm,s2,74.54
9/3/2021 7:52:31 pm,s1,92.13
9/3/2021 7:52:35 pm,s2,74.54
9/3/2021 7:52:39 pm,s1,91.15
9/3/2021 7:52:43 pm,s2,74.54
9/3/2021 7:52:47 pm,s1,91.15
9/3/2021 7:52:52 pm,s2,69.65
9/3/2021 7:52:56 pm,s1,92.13
9/3/2021 7:53:00 pm,s2,72.58
9/3/2021 7:53:04 pm,s1,93.11
9/3/2021 7:53:08 pm,s2,73.56
9/3/2021 7:53:12 pm,s1,89.2
9/3/2021 7:53:16 pm,s2,68.67
9/3/2021 7:53:21 pm,s1,91.15
9/3/2021 7:53:25 pm,s2,73.56
9/3/2021 7:53:29 pm,s1,91.15
9/3/2021 7:53:33 pm,s2,72.58
9/3/2021 7:53:37 pm,s1,91.15
9/3/2021 7:53:41 pm,s2,70.63
9/3/2021 7:53:45 pm,s1,91.15
9/3/2021 7:53:50 pm,s2,70.63
9/3/2021 7:53:54 pm,s1,91.15
9/3/2021 7:53:58 pm,s2,72.58
9/3/2021 7:54:02 pm,s1,90.18
9/3/2021 7:54:06 pm,s2,71.6
9/3/2021 7:54:10 pm,s1,92.13
9/3/2021 7:54:14 pm,s2,73.56
9/3/2021 7:54:19 pm,s1,91.15
9/3/2021 7:54:23 pm,s2,72.58
9/3/2021 7:54:27 pm,s1,90.18
9/3/2021 7:54:31 pm,s2,68.67
9/3/2021 7:54:35 pm,s1,91.15
9/3/2021 7:54:39 pm,s2,71.6
9/3/2021 7:54:43 pm,s1,90.18
9/3/2021 7:54:48 pm,s2,70.63
9/3/2021 7:54:52 pm,s1,92.13
9/3/2021 7:54:56 pm,s2,73.56
9/3/2021 7:55:00 pm,s1,91.15
9/3/2021 7:55:04 pm,s2,72.58
9/3/2021 7:55:08 pm,s1,90.18
9/3/2021 7:55:12 pm,s2,68.67
9/3/2021 7:55:17 pm,s1,89.2
9/3/2021 7:55:21 pm,s2,68.67
9/3/2021 7:55:25 pm,s1,92.13
9/3/2021 7:55:29 pm,s2,73.56
9/3/2021 7:55:33 pm,s1,89.2
9/3/2021 7:55:37 pm,s2,70.63
9/3/2021 7:55:41 pm,s1,90.18
9/3/2021 7:55:45 pm,s2,70.63
9/3/2021 7:55:50 pm,s1,91.15
9/3/2021 7:55:54 pm,s2,72.58
9/3/2021 7:55:58 pm,s1,91.15
9/3/2021 7:56:02 pm,s2,71.6
9/3/2021 7:56:06 pm,s1,92.13
9/3/2021 7:56:10 pm,s2,71.6
9/3/2021 7:56:14 pm,s1,90.18
9/3/2021 7:56:19 pm,s2,69.65
9/3/2021 7:56:23 pm,s1,92.13
9/3/2021 7:56:27 pm,s2,71.6
9/3/2021 7:56:31 pm,s1,91.15
9/3/2021 7:56:35 pm,s2,71.6
9/3/2021 7:56:39 pm,s1,90.18
9/3/2021 7:56:44 pm,s2,69.65
9/3/2021 7:56:48 pm,s1,91.15
9/3/2021 7:56:52 pm,s2,70.63
9/3/2021 7:56:56 pm,s1,92.13
9/3/2021 7:57:00 pm,s2,72.58
9/3/2021 7:57:04 pm,s1,92.13
9/3/2021 7:57:08 pm,s2,73.56
9/3/2021 7:57:13 pm,s1,92.13
9/3/2021 7:57:18 pm,s2,73.56
9/3/2021 7:57:22 pm,s1,90.18
9/3/2021 7:57:26 pm,s2,69.65
9/3/2021 7:57:30 pm,s1,92.13
9/3/2021 7:57:34 pm,s2,74.54
9/3/2021 7:57:39 pm,s1,90.18
9/3/2021 7:57:43 pm,s2,69.65
9/3/2021 7:57:47 pm,s1,94.09
9/3/2021 7:57:51 pm,s2,74.54
9/3/2021 7:57:55 pm,s1,91.15
9/3/2021 7:57:59 pm,s2,70.63
9/3/2021 7:58:03 pm,s1,92.13
9/3/2021 7:58:07 pm,s2,72.58
9/3/2021 7:58:12 pm,s1,94.09
9/3/2021 7:58:16 pm,s2,77.47
9/3/2021 7:58:20 pm,s1,90.18
9/3/2021 7:58:24 pm,s2,68.67
9/3/2021 7:58:28 pm,s1,92.13
9/3/2021 7:58:32 pm,s2,70.63
9/3/2021 7:58:36 pm,s1,91.15
9/3/2021 7:58:40 pm,s2,71.6
9/3/2021 7:58:45 pm,s1,91.15
9/3/2021 7:58:49 pm,s2,70.63
9/3/2021 7:58:53 pm,s1,91.15
9/3/2021 7:58:57 pm,s2,70.63
9/3/2021 7:59:01 pm,s1,92.13
9/3/2021 7:59:05 pm,s2,74.54
9/3/2021 7:59:09 pm,s1,91.15
9/3/2021 7:59:14 pm,s2,71.6
9/3/2021 7:59:18 pm,s1,91.15
9/3/2021 7:59:22 pm,s2,73.56
9/3/2021 7:59:26 pm,s1,94.09
9/3/2021 7:59:30 pm,s2,76.49
9/3/2021 7:59:34 pm,s1,91.15
9/3/2021 7:59:38 pm,s2,73.56
9/3/2021 7:59:43 pm,s1,92.13
9/3/2021 7:59:47 pm,s2,73.56
9/3/2021 7:59:51 pm,s1,92.13
9/3/2021 7:59:55 pm,s2,71.6
9/3/2021 7:59:59 pm,s1,90.18
9/3/2021 8:00:03 pm,s2,70.63
9/3/2021 8:00:07 pm,s1,91.15
9/3/2021 8:00:11 pm,s2,71.6
9/3/2021 8:00:16 pm,s1,91.15
9/3/2021 8:00:20 pm,s2,70.63
9/3/2021 8:00:24 pm,s1,91.15
9/3/2021 8:00:28 pm,s2,70.63
9/3/2021 8:00:32 pm,s1,90.18
9/3/2021 8:00:36 pm,s2,69.65
9/3/2021 8:00:40 pm,s1,92.13
9/3/2021 8:00:44 pm,s2,72.58
9/3/2021 8:00:49 pm,s1,94.09
9/3/2021 8:00:53 pm,s2,74.54
9/3/2021 8:00:57 pm,s1,91.15
9/3/2021 8:01:01 pm,s2,70.63
9/3/2021 8:01:05 pm,s1,91.15
9/3/2021 8:01:09 pm,s2,71.6
9/3/2021 8:01:13 pm,s1,91.15
9/3/2021 8:01:17 pm,s2,71.6
9/3/2021 8:01:22 pm,s1,92.13
9/3/2021 8:01:26 pm,s2,71.6
9/3/2021 8:01:30 pm,s1,91.15
9/3/2021 8:01:34 pm,s2,70.63
9/3/2021 8:01:38 pm,s1,91.15
9/3/2021 8:01:42 pm,s2,71.6
9/3/2021 8:01:47 pm,s1,92.13
9/3/2021 8:01:51 pm,s2,71.6
9/3/2021 8:01:55 pm,s1,90.18
9/3/2021 8:01:59 pm,s2,69.65
9/3/2021 8:02:03 pm,s1,93.11
9/3/2021 8:02:07 pm,s2,72.58
9/3/2021 8:02:11 pm,s1,94.09
9/3/2021 8:02:16 pm,s2,74.54
9/3/2021 8:02:20 pm,s1,91.15
9/3/2021 8:02:24 pm,s2,72.58
9/3/2021 8:02:28 pm,s1,90.18
9/3/2021 8:02:32 pm,s2,68.67
9/3/2021 8:02:36 pm,s1,92.13
9/3/2021 8:02:40 pm,s2,73.56
9/3/2021 8:02:45 pm,s1,92.13
9/3/2021 8:02:49 pm,s2,71.6
9/3/2021 8:02:53 pm,s1,92.13
9/3/2021 8:02:57 pm,s2,73.56
9/3/2021 8:03:01 pm,s1,90.18
9/3/2021 8:03:05 pm,s2,69.65
9/3/2021 8:03:09 pm,s1,94.09
9/3/2021 8:03:13 pm,s2,76.49
9/3/2021 8:03:18 pm,s1,90.18
9/3/2021 8:03:22 pm,s2,68.67
9/3/2021 8:03:26 pm,s1,91.15
9/3/2021 8:03:30 pm,s2,72.58
9/3/2021 8:03:34 pm,s1,92.13
9/3/2021 8:03:38 pm,s2,72.58
9/3/2021 8:03:42 pm,s1,91.15
9/3/2021 8:03:47 pm,s2,69.65
9/3/2021 8:03:51 pm,s1,93.11
9/3/2021 8:03:55 pm,s2,73.56
9/3/2021 8:03:59 pm,s1,92.13
9/3/2021 8:04:03 pm,s2,72.58
9/3/2021 8:04:07 pm,s1,91.15
9/3/2021 8:04:11 pm,s2,70.63
9/3/2021 8:04:16 pm,s1,92.13
9/3/2021 8:04:20 pm,s2,72.58
9/3/2021 8:04:24 pm,s1,92.13
9/3/2021 8:04:28 pm,s2,71.6
9/3/2021 8:04:32 pm,s1,91.15
9/3/2021 8:04:36 pm,s2,72.58
9/3/2021 8:04:40 pm,s1,90.18
9/3/2021 8:04:44 pm,s2,71.6
9/3/2021 8:04:49 pm,s1,92.13
9/3/2021 8:04:53 pm,s2,72.58
9/3/2021 8:04:57 pm,s1,92.13
9/3/2021 8:05:01 pm,s2,70.63
9/3/2021 8:05:05 pm,s1,91.15
9/3/2021 8:05:09 pm,s2,71.6
9/3/2021 8:05:13 pm,s1,92.13
9/3/2021 8:05:17 pm,s2,71.6
9/3/2021 8:05:22 pm,s1,92.13
9/3/2021 8:05:26 pm,s2,70.63
9/3/2021 8:05:30 pm,s1,92.13
9/3/2021 8:05:34 pm,s2,72.58
9/3/2021 8:05:38 pm,s1,92.13
9/3/2021 8:05:42 pm,s2,71.6
9/3/2021 8:05:46 pm,s1,93.11
9/3/2021 8:05:50 pm,s2,74.54
9/3/2021 8:05:55 pm,s1,94.09
9/3/2021 8:05:59 pm,s2,75.51
9/3/2021 8:06:03 pm,s1,93.11
9/3/2021 8:06:07 pm,s2,72.58
9/3/2021 8:06:11 pm,s1,92.13
9/3/2021 8:06:15 pm,s2,71.6
9/3/2021 8:06:19 pm,s1,92.13
9/3/2021 8:06:24 pm,s2,71.6
9/3/2021 8:06:28 pm,s1,91.15
9/3/2021 8:06:32 pm,s2,69.65
9/3/2021 8:06:36 pm,s1,91.15
9/3/2021 8:06:40 pm,s2,71.6
9/3/2021 8:06:44 pm,s1,92.13
9/3/2021 8:06:49 pm,s2,71.6
9/3/2021 8:06:53 pm,s1,92.13
9/3/2021 8:06:57 pm,s2,71.6
9/3/2021 8:07:01 pm,s1,91.15
9/3/2021 8:07:05 pm,s2,70.63
9/3/2021 8:07:09 pm,s1,92.13
9/3/2021 8:07:13 pm,s2,70.63
9/3/2021 8:07:17 pm,s1,94.09
9/3/2021 8:07:21 pm,s2,75.51
9/3/2021 8:07:26 pm,s1,92.13
9/3/2021 8:07:30 pm,s2,70.63
9/3/2021 8:07:34 pm,s1,93.11
9/3/2021 8:07:38 pm,s2,72.58
9/3/2021 8:07:42 pm,s1,90.18
9/3/2021 8:07:46 pm,s2,69.65
9/3/2021 8:07:50 pm,s1,92.13
9/3/2021 8:07:54 pm,s2,71.6
9/3/2021 8:07:59 pm,s1,92.13
9/3/2021 8:08:03 pm,s2,72.58
9/3/2021 8:08:07 pm,s1,92.13
9/3/2021 8:08:11 pm,s2,70.63
9/3/2021 8:08:15 pm,s1,92.13
9/3/2021 8:08:19 pm,s2,72.58
9/3/2021 8:08:23 pm,s1,91.15
9/3/2021 8:08:28 pm,s2,72.58
9/3/2021 8:08:32 pm,s1,91.15
9/3/2021 8:08:36 pm,s2,69.65
9/3/2021 8:08:40 pm,s1,95.06
9/3/2021 8:08:44 pm,s2,74.54
9/3/2021 8:08:48 pm,s1,93.11
9/3/2021 8:08:52 pm,s2,73.56
9/3/2021 8:08:57 pm,s1,93.11
9/3/2021 8:09:01 pm,s2,73.56
9/3/2021 8:09:05 pm,s1,92.13
9/3/2021 8:09:09 pm,s2,72.58
9/3/2021 8:09:13 pm,s1,91.15
9/3/2021 8:09:17 pm,s2,71.6
9/3/2021 8:09:21 pm,s1,92.13
9/3/2021 8:09:25 pm,s2,71.6
9/3/2021 8:09:30 pm,s1,93.11
9/3/2021 8:09:34 pm,s2,72.58
9/3/2021 8:09:38 pm,s1,92.13
9/3/2021 8:09:42 pm,s2,71.6
9/3/2021 8:09:46 pm,s1,92.13
9/3/2021 8:09:50 pm,s2,71.6
9/3/2021 8:09:54 pm,s1,93.11
9/3/2021 8:09:58 pm,s2,73.56
9/3/2021 8:10:03 pm,s1,93.11
9/3/2021 8:10:07 pm,s2,71.6
9/3/2021 8:10:11 pm,s1,95.06
9/3/2021 8:10:15 pm,s2,74.54
9/3/2021 8:10:19 pm,s1,93.11
9/3/2021 8:10:23 pm,s2,71.6
9/3/2021 8:10:28 pm,s1,91.15
9/3/2021 8:10:32 pm,s2,69.65
9/3/2021 8:10:36 pm,s1,92.13
9/3/2021 8:10:40 pm,s2,73.56
9/3/2021 8:10:44 pm,s1,93.11
9/3/2021 8:10:49 pm,s2,72.58
9/3/2021 8:10:53 pm,s1,95.06
9/3/2021 8:10:57 pm,s2,74.54
9/3/2021 8:11:01 pm,s1,93.11
9/3/2021 8:11:05 pm,s2,72.58
9/3/2021 8:11:09 pm,s1,91.15
9/3/2021 8:11:13 pm,s2,70.63
9/3/2021 8:11:18 pm,s1,93.11
9/3/2021 8:11:22 pm,s2,72.58
9/3/2021 8:11:26 pm,s1,92.13
9/3/2021 8:11:30 pm,s2,70.63
9/3/2021 8:11:34 pm,s1,90.18
9/3/2021 8:11:38 pm,s2,69.65
9/3/2021 8:11:42 pm,s1,95.06
9/3/2021 8:11:46 pm,s2,74.54
9/3/2021 8:11:51 pm,s1,94.09
9/3/2021 8:11:55 pm,s2,73.56
9/3/2021 8:11:59 pm,s1,94.09
9/3/2021 8:12:03 pm,s2,72.58
9/3/2021 8:12:07 pm,s1,93.11
9/3/2021 8:12:11 pm,s2,73.56
9/3/2021 8:12:15 pm,s1,94.09
9/3/2021 8:12:20 pm,s2,74.54
9/3/2021 8:12:24 pm,s1,93.11
9/3/2021 8:12:28 pm,s2,72.58
9/3/2021 8:12:32 pm,s1,94.09
9/3/2021 8:12:36 pm,s2,72.58
9/3/2021 8:12:40 pm,s1,92.13
9/3/2021 8:12:44 pm,s2,70.63
9/3/2021 8:12:49 pm,s1,93.11
9/3/2021 8:12:53 pm,s2,72.58
9/3/2021 8:12:57 pm,s1,92.13
9/3/2021 8:13:01 pm,s2,70.63
9/3/2021 8:13:05 pm,s1,93.11
9/3/2021 8:13:09 pm,s2,70.63
9/3/2021 8:13:14 pm,s1,93.11
9/3/2021 8:13:18 pm,s2,72.58
9/3/2021 8:13:22 pm,s1,93.11
9/3/2021 8:13:26 pm,s2,73.56
9/3/2021 8:13:30 pm,s1,93.11
9/3/2021 8:13:34 pm,s2,71.6
9/3/2021 8:13:38 pm,s1,93.11
9/3/2021 8:13:42 pm,s2,71.6
9/3/2021 8:13:46 pm,s1,92.13
9/3/2021 8:13:51 pm,s2,69.65
9/3/2021 8:13:55 pm,s1,92.13
9/3/2021 8:13:59 pm,s2,70.63
9/3/2021 8:14:03 pm,s1,92.13
9/3/2021 8:14:07 pm,s2,73.56
9/3/2021 8:14:11 pm,s1,92.13
9/3/2021 8:14:15 pm,s2,73.56
9/3/2021 8:14:20 pm,s1,90.18
9/3/2021 8:14:24 pm,s2,69.65
9/3/2021 8:14:28 pm,s1,93.11
9/3/2021 8:14:32 pm,s2,72.58
9/3/2021 8:14:36 pm,s1,90.18
9/3/2021 8:14:40 pm,s2,69.65
9/3/2021 8:14:45 pm,s1,93.11
9/3/2021 8:14:49 pm,s2,71.6
9/3/2021 8:14:53 pm,s1,94.09
9/3/2021 8:14:57 pm,s2,74.54
9/3/2021 8:15:01 pm,s1,92.13
9/3/2021 8:15:05 pm,s2,70.63
9/3/2021 8:15:09 pm,s1,94.09
9/3/2021 8:15:13 pm,s2,72.58
9/3/2021 8:15:18 pm,s1,92.13
9/3/2021 8:15:22 pm,s2,72.58
9/3/2021 8:15:26 pm,s1,92.13
9/3/2021 8:15:30 pm,s2,70.63
9/3/2021 8:15:34 pm,s1,93.11
9/3/2021 8:15:38 pm,s2,72.58
9/3/2021 8:15:42 pm,s1,94.09
9/3/2021 8:15:47 pm,s2,72.58
9/3/2021 8:15:51 pm,s1,90.18
9/3/2021 8:15:55 pm,s2,70.63
9/3/2021 8:15:59 pm,s1,95.06
9/3/2021 8:16:03 pm,s2,76.49
9/3/2021 8:16:07 pm,s1,90.18
9/3/2021 8:16:11 pm,s2,71.6
9/3/2021 8:16:15 pm,s1,92.13
9/3/2021 8:16:20 pm,s2,70.63
9/3/2021 8:16:24 pm,s1,94.09
9/3/2021 8:16:28 pm,s2,74.54
9/3/2021 8:16:32 pm,s1,92.13
9/3/2021 8:16:36 pm,s2,69.65
9/3/2021 8:16:40 pm,s1,92.13
9/3/2021 8:16:44 pm,s2,71.6
9/3/2021 8:16:48 pm,s1,93.11
9/3/2021 8:16:52 pm,s2,70.63
9/3/2021 8:16:57 pm,s1,93.11
9/3/2021 8:17:01 pm,s2,72.58
9/3/2021 8:17:05 pm,s1,93.11
9/3/2021 8:17:09 pm,s2,72.58
9/3/2021 8:17:13 pm,s1,93.11
9/3/2021 8:17:17 pm,s2,69.65
9/3/2021 8:17:21 pm,s1,94.09
9/3/2021 8:17:25 pm,s2,72.58
9/3/2021 8:17:30 pm,s1,92.13
9/3/2021 8:17:34 pm,s2,71.6
9/3/2021 8:17:38 pm,s1,91.15
9/3/2021 8:17:42 pm,s2,69.65
9/3/2021 8:17:46 pm,s1,94.09
9/3/2021 8:17:50 pm,s2,73.56
9/3/2021 8:17:54 pm,s1,92.13
9/3/2021 8:17:58 pm,s2,71.6
9/3/2021 8:18:03 pm,s1,92.13
9/3/2021 8:18:07 pm,s2,72.58
9/3/2021 8:18:11 pm,s1,92.13
9/3/2021 8:18:15 pm,s2,72.58
9/3/2021 8:18:19 pm,s1,92.13
9/3/2021 8:18:23 pm,s2,72.58
9/3/2021 8:18:27 pm,s1,92.13
9/3/2021 8:18:31 pm,s2,70.63
9/3/2021 8:18:35 pm,s1,92.13
9/3/2021 8:18:40 pm,s2,71.6
9/3/2021 8:18:44 pm,s1,94.09
9/3/2021 8:18:48 pm,s2,74.54
9/3/2021 8:18:52 pm,s1,95.06
9/3/2021 8:18:56 pm,s2,71.6
9/3/2021 8:19:00 pm,s1,93.11
9/3/2021 8:19:04 pm,s2,71.6
9/3/2021 8:19:09 pm,s1,93.11
9/3/2021 8:19:13 pm,s2,73.56
9/3/2021 8:19:17 pm,s1,94.09
9/3/2021 8:19:21 pm,s2,72.58
9/3/2021 8:19:25 pm,s1,93.11
9/3/2021 8:19:29 pm,s2,71.6
9/3/2021 8:19:33 pm,s1,93.11
9/3/2021 8:19:38 pm,s2,72.58
9/3/2021 8:19:42 pm,s1,93.11
9/3/2021 8:19:46 pm,s2,70.63
9/3/2021 8:19:50 pm,s1,97.02
9/3/2021 8:19:54 pm,s2,75.51
9/3/2021 8:19:58 pm,s1,93.11
9/3/2021 8:20:02 pm,s2,70.63
9/3/2021 8:20:07 pm,s1,94.09
9/3/2021 8:20:11 pm,s2,72.58
9/3/2021 8:20:15 pm,s1,94.09
9/3/2021 8:20:19 pm,s2,73.56
9/3/2021 8:20:23 pm,s1,93.11
9/3/2021 8:20:27 pm,s2,70.63
9/3/2021 8:20:31 pm,s1,91.15
9/3/2021 8:20:35 pm,s2,69.65
9/3/2021 8:20:39 pm,s1,93.11
9/3/2021 8:20:44 pm,s2,73.56
9/3/2021 8:20:48 pm,s1,92.13
9/3/2021 8:20:52 pm,s2,70.63
9/3/2021 8:20:56 pm,s1,94.09
9/3/2021 8:21:00 pm,s2,72.58
9/3/2021 8:21:04 pm,s1,91.15
9/3/2021 8:21:08 pm,s2,68.67
9/3/2021 8:21:13 pm,s1,93.11
9/3/2021 8:21:17 pm,s2,71.6
9/3/2021 8:21:21 pm,s1,93.11
9/3/2021 8:21:25 pm,s2,71.6
9/3/2021 8:21:29 pm,s1,93.11
9/3/2021 8:21:33 pm,s2,72.58
9/3/2021 8:21:37 pm,s1,94.09
9/3/2021 8:21:41 pm,s2,71.6
9/3/2021 8:21:45 pm,s1,96.04
9/3/2021 8:21:50 pm,s2,73.56
9/3/2021 8:21:54 pm,s1,93.11
9/3/2021 8:21:58 pm,s2,70.63
9/3/2021 8:22:02 pm,s1,96.04
9/3/2021 8:22:06 pm,s2,74.54
9/3/2021 8:22:10 pm,s1,93.11
9/3/2021 8:22:14 pm,s2,71.6
9/3/2021 8:22:19 pm,s1,94.09
9/3/2021 8:22:23 pm,s2,71.6
9/3/2021 8:22:27 pm,s1,94.09
9/3/2021 8:22:31 pm,s2,72.58
9/3/2021 8:22:35 pm,s1,93.11
9/3/2021 8:22:39 pm,s2,71.6
9/3/2021 8:22:43 pm,s1,93.11
9/3/2021 8:22:47 pm,s2,72.58
9/3/2021 8:22:51 pm,s1,91.15
9/3/2021 8:22:56 pm,s2,69.65
9/3/2021 8:23:00 pm,s1,92.13
9/3/2021 8:23:04 pm,s2,69.65
9/3/2021 8:23:08 pm,s1,95.06
9/3/2021 8:23:12 pm,s2,70.63
9/3/2021 8:23:16 pm,s1,92.13
9/3/2021 8:23:20 pm,s2,70.63
9/3/2021 8:23:25 pm,s1,94.09
9/3/2021 8:23:29 pm,s2,71.6
9/3/2021 8:23:33 pm,s1,95.06
9/3/2021 8:23:37 pm,s2,74.54
9/3/2021 8:23:41 pm,s1,95.06
9/3/2021 8:23:45 pm,s2,71.6
9/3/2021 8:23:49 pm,s1,94.09
9/3/2021 8:23:53 pm,s2,70.63
9/3/2021 8:23:58 pm,s1,95.06
9/3/2021 8:24:02 pm,s2,73.56
9/3/2021 8:24:06 pm,s1,94.09
9/3/2021 8:24:10 pm,s2,70.63
9/3/2021 8:24:14 pm,s1,94.09
9/3/2021 8:24:18 pm,s2,71.6
9/3/2021 8:24:22 pm,s1,94.09
9/3/2021 8:24:26 pm,s2,72.58
9/3/2021 8:24:31 pm,s1,93.11
9/3/2021 8:24:35 pm,s2,68.67
9/3/2021 8:24:39 pm,s1,96.04
9/3/2021 8:24:43 pm,s2,74.54
9/3/2021 8:24:47 pm,s1,94.09
9/3/2021 8:24:51 pm,s2,70.63
9/3/2021 8:24:55 pm,s1,94.09
9/3/2021 8:25:00 pm,s2,71.6
9/3/2021 8:25:04 pm,s1,94.09
9/3/2021 8:25:08 pm,s2,71.6
9/3/2021 8:25:12 pm,s1,97.02
9/3/2021 8:25:16 pm,s2,75.51
9/3/2021 8:25:20 pm,s1,93.11
9/3/2021 8:25:24 pm,s2,70.63
9/3/2021 8:25:29 pm,s1,95.06
9/3/2021 8:25:33 pm,s2,71.6
9/3/2021 8:25:37 pm,s1,94.09
9/3/2021 8:25:41 pm,s2,72.58
9/3/2021 8:25:45 pm,s1,94.09
9/3/2021 8:25:49 pm,s2,72.58
9/3/2021 8:25:53 pm,s1,94.09
9/3/2021 8:25:57 pm,s2,71.6
9/3/2021 8:26:02 pm,s1,97.02
9/3/2021 8:26:06 pm,s2,72.58
9/3/2021 8:26:10 pm,s1,94.09
9/3/2021 8:26:14 pm,s2,71.6
9/3/2021 8:26:18 pm,s1,94.09
9/3/2021 8:26:22 pm,s2,71.6
9/3/2021 8:26:26 pm,s1,93.11
9/3/2021 8:26:31 pm,s2,70.63
9/3/2021 8:26:35 pm,s1,94.09
9/3/2021 8:26:40 pm,s2,71.6
9/3/2021 8:26:44 pm,s1,94.09
9/3/2021 8:26:48 pm,s2,71.6
9/3/2021 8:26:52 pm,s1,94.09
9/3/2021 8:26:56 pm,s2,72.58
9/3/2021 8:27:01 pm,s1,94.09
9/3/2021 8:27:05 pm,s2,72.58
9/3/2021 8:27:09 pm,s1,94.09
9/3/2021 8:27:13 pm,s2,71.6
9/3/2021 8:27:17 pm,s1,91.15
9/3/2021 8:27:21 pm,s2,70.63
9/3/2021 8:27:25 pm,s1,93.11
9/3/2021 8:27:29 pm,s2,71.6
9/3/2021 8:27:34 pm,s1,94.09
9/3/2021 8:27:38 pm,s2,73.56
9/3/2021 8:27:42 pm,s1,94.09
9/3/2021 8:27:46 pm,s2,75.51
9/3/2021 8:27:50 pm,s1,95.06
9/3/2021 8:27:54 pm,s2,77.47
9/3/2021 8:27:58 pm,s1,95.06
9/3/2021 8:28:03 pm,s2,74.54
9/3/2021 8:28:07 pm,s1,95.06
9/3/2021 8:28:11 pm,s2,74.54
9/3/2021 8:28:15 pm,s1,94.09
9/3/2021 8:28:19 pm,s2,74.54
9/3/2021 8:28:23 pm,s1,98
9/3/2021 8:28:27 pm,s2,78.45
9/3/2021 8:28:32 pm,s1,95.06
9/3/2021 8:28:36 pm,s2,75.51
9/3/2021 8:28:40 pm,s1,95.06
9/3/2021 8:28:44 pm,s2,75.51
9/3/2021 8:28:48 pm,s1,94.09
9/3/2021 8:28:52 pm,s2,75.51
9/3/2021 8:28:56 pm,s1,94.09
9/3/2021 8:29:00 pm,s2,74.54
9/3/2021 8:29:05 pm,s1,95.06
9/3/2021 8:29:09 pm,s2,76.49
9/3/2021 8:29:13 pm,s1,95.06
9/3/2021 8:29:17 pm,s2,76.49
9/3/2021 8:29:21 pm,s1,95.06
9/3/2021 8:29:25 pm,s2,76.49
9/3/2021 8:29:30 pm,s1,95.06
9/3/2021 8:29:34 pm,s2,75.51
9/3/2021 8:29:38 pm,s1,94.09
9/3/2021 8:29:42 pm,s2,75.51
9/3/2021 8:29:46 pm,s1,94.09
9/3/2021 8:29:50 pm,s2,74.54
9/3/2021 8:29:54 pm,s1,97.02
9/3/2021 8:29:59 pm,s2,79.42
9/3/2021 8:30:03 pm,s1,97.02
9/3/2021 8:30:07 pm,s2,79.42
9/3/2021 8:30:11 pm,s1,95.06
9/3/2021 8:30:15 pm,s2,77.47
9/3/2021 8:30:19 pm,s1,95.06
9/3/2021 8:30:23 pm,s2,76.49
9/3/2021 8:30:28 pm,s1,95.06
9/3/2021 8:30:32 pm,s2,76.49
9/3/2021 8:30:36 pm,s1,93.11
9/3/2021 8:30:40 pm,s2,72.58
9/3/2021 8:30:44 pm,s1,93.11
9/3/2021 8:30:48 pm,s2,74.54
9/3/2021 8:30:52 pm,s1,95.06
9/3/2021 8:30:57 pm,s2,77.47
9/3/2021 8:31:01 pm,s1,97.02
9/3/2021 8:31:05 pm,s2,80.4
9/3/2021 8:31:09 pm,s1,96.04
9/3/2021 8:31:13 pm,s2,75.51
9/3/2021 8:31:17 pm,s1,96.04
9/3/2021 8:31:21 pm,s2,76.49
9/3/2021 8:31:26 pm,s1,92.13
9/3/2021 8:31:30 pm,s2,73.56
9/3/2021 8:31:34 pm,s1,94.09
9/3/2021 8:31:38 pm,s2,75.51
9/3/2021 8:31:42 pm,s1,94.09
9/3/2021 8:31:46 pm,s2,75.51
9/3/2021 8:31:50 pm,s1,95.06
9/3/2021 8:31:55 pm,s2,75.51
9/3/2021 8:31:59 pm,s1,98
9/3/2021 8:32:03 pm,s2,80.4
9/3/2021 8:32:07 pm,s1,92.13
9/3/2021 8:32:11 pm,s2,76.49
9/3/2021 8:32:15 pm,s1,95.06
9/3/2021 8:32:19 pm,s2,77.47
9/3/2021 8:32:23 pm,s1,95.06
9/3/2021 8:32:28 pm,s2,76.49
9/3/2021 8:32:32 pm,s1,94.09
9/3/2021 8:32:36 pm,s2,76.49
9/3/2021 8:32:40 pm,s1,97.02
9/3/2021 8:32:44 pm,s2,80.4
9/3/2021 8:32:48 pm,s1,97.02
9/3/2021 8:32:52 pm,s2,79.42
9/3/2021 8:32:56 pm,s1,94.09
9/3/2021 8:33:01 pm,s2,75.51
9/3/2021 8:33:05 pm,s1,95.06
9/3/2021 8:33:09 pm,s2,76.49
9/3/2021 8:33:13 pm,s1,93.11
9/3/2021 8:33:17 pm,s2,75.51
9/3/2021 8:33:21 pm,s1,95.06
9/3/2021 8:33:25 pm,s2,77.47
9/3/2021 8:33:29 pm,s1,94.09
9/3/2021 8:33:33 pm,s2,77.47
9/3/2021 8:33:38 pm,s1,95.06
9/3/2021 8:33:42 pm,s2,78.45
9/3/2021 8:33:46 pm,s1,95.06
9/3/2021 8:33:50 pm,s2,79.42
9/3/2021 8:33:54 pm,s1,94.09
9/3/2021 8:33:58 pm,s2,78.45
9/3/2021 8:34:02 pm,s1,94.09
9/3/2021 8:34:07 pm,s2,76.49
9/3/2021 8:34:11 pm,s1,94.09
9/3/2021 8:34:15 pm,s2,75.51
9/3/2021 8:34:19 pm,s1,94.09
9/3/2021 8:34:23 pm,s2,76.49
9/3/2021 8:34:27 pm,s1,94.09
9/3/2021 8:34:31 pm,s2,76.49
9/3/2021 8:34:36 pm,s1,94.09
9/3/2021 8:34:40 pm,s2,76.49
9/3/2021 8:34:44 pm,s1,94.09
9/3/2021 8:34:48 pm,s2,75.51
9/3/2021 8:34:52 pm,s1,95.06
9/3/2021 8:34:56 pm,s2,78.45
9/3/2021 8:35:00 pm,s1,94.09
9/3/2021 8:35:05 pm,s2,76.49
9/3/2021 8:35:09 pm,s1,94.09
9/3/2021 8:35:13 pm,s2,79.42
9/3/2021 8:35:17 pm,s1,93.11
9/3/2021 8:35:21 pm,s2,78.45
9/3/2021 8:35:25 pm,s1,96.04
9/3/2021 8:35:30 pm,s2,80.4
9/3/2021 8:35:34 pm,s1,92.13
9/3/2021 8:35:38 pm,s2,76.49
9/3/2021 8:35:42 pm,s1,94.09
9/3/2021 8:35:46 pm,s2,77.47
9/3/2021 8:35:50 pm,s1,97.02
9/3/2021 8:35:54 pm,s2,81.38
9/3/2021 8:35:58 pm,s1,93.11
9/3/2021 8:36:03 pm,s2,77.47
9/3/2021 8:36:07 pm,s1,91.15
9/3/2021 8:36:11 pm,s2,74.54
9/3/2021 8:36:15 pm,s1,97.02
9/3/2021 8:36:19 pm,s2,80.4
9/3/2021 8:36:23 pm,s1,94.09
9/3/2021 8:36:27 pm,s2,79.42
9/3/2021 8:36:31 pm,s1,94.09
9/3/2021 8:36:36 pm,s2,77.47
9/3/2021 8:36:40 pm,s1,93.11
9/3/2021 8:36:44 pm,s2,78.45
9/3/2021 8:36:48 pm,s1,92.13
9/3/2021 8:36:52 pm,s2,75.51
9/3/2021 8:36:56 pm,s1,94.09
9/3/2021 8:37:00 pm,s2,77.47
9/3/2021 8:37:05 pm,s1,93.11
9/3/2021 8:37:09 pm,s2,76.49
9/3/2021 8:37:13 pm,s1,94.09
9/3/2021 8:37:17 pm,s2,79.42
9/3/2021 8:37:21 pm,s1,94.09
9/3/2021 8:37:25 pm,s2,79.42
9/3/2021 8:37:29 pm,s1,95.06
9/3/2021 8:37:34 pm,s2,78.45
9/3/2021 8:37:38 pm,s1,94.09
9/3/2021 8:37:42 pm,s2,77.47
9/3/2021 8:37:46 pm,s1,93.11
9/3/2021 8:37:50 pm,s2,76.49
9/3/2021 8:37:54 pm,s1,90.18
9/3/2021 8:37:58 pm,s2,73.56
9/3/2021 8:38:03 pm,s1,94.09
9/3/2021 8:38:07 pm,s2,79.42
9/3/2021 8:38:11 pm,s1,93.11
9/3/2021 8:38:15 pm,s2,76.49
9/3/2021 8:38:19 pm,s1,93.11
9/3/2021 8:38:23 pm,s2,76.49
9/3/2021 8:38:27 pm,s1,97.02
9/3/2021 8:38:31 pm,s2,82.36
9/3/2021 8:38:36 pm,s1,91.15
9/3/2021 8:38:40 pm,s2,74.54
9/3/2021 8:38:44 pm,s1,93.11
9/3/2021 8:38:48 pm,s2,77.47
9/3/2021 8:38:52 pm,s1,94.09
9/3/2021 8:38:56 pm,s2,78.45
9/3/2021 8:39:00 pm,s1,93.11
9/3/2021 8:39:04 pm,s2,77.47
9/3/2021 8:39:09 pm,s1,93.11
9/3/2021 8:39:13 pm,s2,77.47
9/3/2021 8:39:17 pm,s1,93.11
9/3/2021 8:39:21 pm,s2,76.49
9/3/2021 8:39:25 pm,s1,94.09
9/3/2021 8:39:29 pm,s2,77.47
9/3/2021 8:39:33 pm,s1,92.13
9/3/2021 8:39:37 pm,s2,77.47
9/3/2021 8:39:42 pm,s1,91.15
9/3/2021 8:39:46 pm,s2,74.54
9/3/2021 8:39:50 pm,s1,94.09
9/3/2021 8:39:54 pm,s2,77.47
9/3/2021 8:39:58 pm,s1,94.09
9/3/2021 8:40:02 pm,s2,78.45
9/3/2021 8:40:06 pm,s1,94.09
9/3/2021 8:40:10 pm,s2,76.49
9/3/2021 8:40:15 pm,s1,93.11
9/3/2021 8:40:19 pm,s2,78.45
9/3/2021 8:40:23 pm,s1,94.09
9/3/2021 8:40:27 pm,s2,77.47
9/3/2021 8:40:31 pm,s1,91.15
9/3/2021 8:40:35 pm,s2,74.54
9/3/2021 8:40:39 pm,s1,94.09
9/3/2021 8:40:43 pm,s2,78.45
9/3/2021 8:40:48 pm,s1,96.04
9/3/2021 8:40:52 pm,s2,82.36
9/3/2021 8:40:56 pm,s1,95.06
9/3/2021 8:41:00 pm,s2,80.4
9/3/2021 8:41:04 pm,s1,94.09
9/3/2021 8:41:08 pm,s2,78.45
9/3/2021 8:41:13 pm,s1,93.11
9/3/2021 8:41:17 pm,s2,75.51
9/3/2021 8:41:21 pm,s1,93.11
9/3/2021 8:41:25 pm,s2,77.47
9/3/2021 8:41:29 pm,s1,93.11
9/3/2021 8:41:33 pm,s2,78.45
9/3/2021 8:41:37 pm,s1,93.11
9/3/2021 8:41:42 pm,s2,77.47
9/3/2021 8:41:46 pm,s1,93.11
9/3/2021 8:41:50 pm,s2,77.47
9/3/2021 8:41:54 pm,s1,95.06
9/3/2021 8:41:58 pm,s2,78.45
9/3/2021 8:42:02 pm,s1,93.11
9/3/2021 8:42:06 pm,s2,79.42
9/3/2021 8:42:10 pm,s1,93.11
9/3/2021 8:42:15 pm,s2,77.47
9/3/2021 8:42:19 pm,s1,94.09
9/3/2021 8:42:23 pm,s2,78.45
9/3/2021 8:42:27 pm,s1,94.09
9/3/2021 8:42:31 pm,s2,78.45
9/3/2021 8:42:35 pm,s1,97.02
9/3/2021 8:42:39 pm,s2,81.38
9/3/2021 8:42:43 pm,s1,93.11
9/3/2021 8:42:48 pm,s2,76.49
9/3/2021 8:42:52 pm,s1,95.06
9/3/2021 8:42:56 pm,s2,78.45
9/3/2021 8:43:00 pm,s1,91.15
9/3/2021 8:43:04 pm,s2,76.49
9/3/2021 8:43:08 pm,s1,95.06
9/3/2021 8:43:12 pm,s2,79.42
9/3/2021 8:43:16 pm,s1,92.13
9/3/2021 8:43:21 pm,s2,78.45
9/3/2021 8:43:25 pm,s1,94.09
9/3/2021 8:43:29 pm,s2,78.45
9/3/2021 8:43:33 pm,s1,94.09
9/3/2021 8:43:37 pm,s2,77.47
9/3/2021 8:43:41 pm,s1,92.13
9/3/2021 8:43:45 pm,s2,76.49
9/3/2021 8:43:49 pm,s1,94.09
9/3/2021 8:43:54 pm,s2,78.45
9/3/2021 8:43:58 pm,s1,93.11
9/3/2021 8:44:02 pm,s2,76.49
9/3/2021 8:44:06 pm,s1,94.09
9/3/2021 8:44:10 pm,s2,77.47
9/3/2021 8:44:14 pm,s1,94.09
9/3/2021 8:44:18 pm,s2,78.45
9/3/2021 8:44:22 pm,s1,94.09
9/3/2021 8:44:26 pm,s2,77.47
9/3/2021 8:44:31 pm,s1,94.09
9/3/2021 8:44:35 pm,s2,76.49
9/3/2021 8:44:39 pm,s1,94.09
9/3/2021 8:44:43 pm,s2,77.47
9/3/2021 8:44:47 pm,s1,95.06
9/3/2021 8:44:51 pm,s2,78.45
9/3/2021 8:44:55 pm,s1,94.09
9/3/2021 8:45:00 pm,s2,77.47
9/3/2021 8:45:04 pm,s1,96.04
9/3/2021 8:45:08 pm,s2,81.38
9/3/2021 8:45:12 pm,s1,97.02
9/3/2021 8:45:16 pm,s2,82.36
9/3/2021 8:45:20 pm,s1,95.06
9/3/2021 8:45:24 pm,s2,79.42
9/3/2021 8:45:29 pm,s1,92.13
9/3/2021 8:45:33 pm,s2,77.47
9/3/2021 8:45:37 pm,s1,96.04
9/3/2021 8:45:41 pm,s2,79.42
9/3/2021 8:45:45 pm,s1,97.02
9/3/2021 8:45:49 pm,s2,81.38
9/3/2021 8:45:53 pm,s1,94.09
9/3/2021 8:45:58 pm,s2,77.47
9/3/2021 8:46:02 pm,s1,94.09
9/3/2021 8:46:06 pm,s2,77.47
9/3/2021 8:46:10 pm,s1,95.06
9/3/2021 8:46:14 pm,s2,78.45
9/3/2021 8:46:18 pm,s1,94.09
9/3/2021 8:46:22 pm,s2,78.45
9/3/2021 8:46:27 pm,s1,98
9/3/2021 8:46:31 pm,s2,82.36
9/3/2021 8:46:35 pm,s1,95.06
9/3/2021 8:46:39 pm,s2,78.45
9/3/2021 8:46:43 pm,s1,95.06
9/3/2021 8:46:47 pm,s2,78.45
9/3/2021 8:46:51 pm,s1,92.13
9/3/2021 8:46:55 pm,s2,77.47
9/3/2021 8:47:00 pm,s1,92.13
9/3/2021 8:47:04 pm,s2,75.51
9/3/2021 8:47:08 pm,s1,94.09
9/3/2021 8:47:12 pm,s2,77.47
9/3/2021 8:47:16 pm,s1,94.09
9/3/2021 8:47:20 pm,s2,76.49
9/3/2021 8:47:24 pm,s1,96.04
9/3/2021 8:47:28 pm,s2,80.4
9/3/2021 8:47:33 pm,s1,95.06
9/3/2021 8:47:37 pm,s2,79.42
9/3/2021 8:47:43 pm,s1,95.06
9/3/2021 8:47:47 pm,s2,78.45
9/3/2021 8:47:51 pm,s1,94.09
9/3/2021 8:47:55 pm,s2,74.54
9/3/2021 8:47:59 pm,s1,95.06
9/3/2021 8:48:04 pm,s2,80.4
9/3/2021 8:48:08 pm,s1,96.04
9/3/2021 8:48:12 pm,s2,82.36
9/3/2021 8:48:16 pm,s1,94.09
9/3/2021 8:48:20 pm,s2,77.47
9/3/2021 8:48:24 pm,s1,92.13
9/3/2021 8:48:28 pm,s2,75.51
9/3/2021 8:48:32 pm,s1,96.04
9/3/2021 8:48:36 pm,s2,82.36
9/3/2021 8:48:41 pm,s1,94.09
9/3/2021 8:48:45 pm,s2,77.47
9/3/2021 8:48:49 pm,s1,95.06
9/3/2021 8:48:53 pm,s2,77.47
9/3/2021 8:48:57 pm,s1,94.09
9/3/2021 8:49:01 pm,s2,76.49
9/3/2021 8:49:05 pm,s1,95.06
9/3/2021 8:49:09 pm,s2,78.45
9/3/2021 8:49:14 pm,s1,95.06
9/3/2021 8:49:18 pm,s2,77.47
9/3/2021 8:49:22 pm,s1,94.09
9/3/2021 8:49:26 pm,s2,76.49
9/3/2021 8:49:30 pm,s1,97.02
9/3/2021 8:49:34 pm,s2,80.4
9/3/2021 8:49:38 pm,s1,95.06
9/3/2021 8:49:42 pm,s2,76.49
9/3/2021 8:49:47 pm,s1,96.04
9/3/2021 8:49:51 pm,s2,77.47
9/3/2021 8:49:55 pm,s1,95.06
9/3/2021 8:49:59 pm,s2,77.47
9/3/2021 8:50:03 pm,s1,97.02
9/3/2021 8:50:07 pm,s2,79.42
9/3/2021 8:50:11 pm,s1,95.06
9/3/2021 8:50:15 pm,s2,77.47
9/3/2021 8:50:20 pm,s1,95.06
9/3/2021 8:50:24 pm,s2,76.49
9/3/2021 8:50:28 pm,s1,94.09
9/3/2021 8:50:32 pm,s2,76.49
9/3/2021 8:50:36 pm,s1,95.06
9/3/2021 8:50:40 pm,s2,79.42
9/3/2021 8:50:45 pm,s1,94.09
9/3/2021 8:50:49 pm,s2,77.47
9/3/2021 8:50:53 pm,s1,95.06
9/3/2021 8:50:57 pm,s2,77.47
9/3/2021 8:51:01 pm,s1,95.06
9/3/2021 8:51:05 pm,s2,76.49
9/3/2021 8:51:09 pm,s1,95.06
9/3/2021 8:51:13 pm,s2,77.47
9/3/2021 8:51:18 pm,s1,98
9/3/2021 8:51:22 pm,s2,80.4
9/3/2021 8:51:26 pm,s1,93.11
9/3/2021 8:51:30 pm,s2,78.45
9/3/2021 8:51:34 pm,s1,95.06
9/3/2021 8:51:38 pm,s2,80.4
9/3/2021 8:51:42 pm,s1,92.13
9/3/2021 8:51:46 pm,s2,76.49
9/3/2021 8:51:51 pm,s1,98
9/3/2021 8:51:55 pm,s2,80.4
9/3/2021 8:51:59 pm,s1,92.13
9/3/2021 8:52:03 pm,s2,75.51
9/3/2021 8:52:07 pm,s1,94.09
9/3/2021 8:52:11 pm,s2,74.54
9/3/2021 8:52:15 pm,s1,94.09
9/3/2021 8:52:20 pm,s2,76.49
9/3/2021 8:52:24 pm,s1,96.04
9/3/2021 8:52:28 pm,s2,78.45
9/3/2021 8:52:32 pm,s1,93.11
9/3/2021 8:52:36 pm,s2,75.51
9/3/2021 8:52:40 pm,s1,94.09
9/3/2021 8:52:44 pm,s2,76.49
9/3/2021 8:52:49 pm,s1,96.04
9/3/2021 8:52:53 pm,s2,79.42
9/3/2021 8:52:57 pm,s1,95.06
9/3/2021 8:53:01 pm,s2,79.42
9/3/2021 8:53:05 pm,s1,92.13
9/3/2021 8:53:09 pm,s2,76.49
9/3/2021 8:53:13 pm,s1,95.06
9/3/2021 8:53:18 pm,s2,78.45
9/3/2021 8:53:22 pm,s1,98
9/3/2021 8:53:26 pm,s2,79.42
9/3/2021 8:53:30 pm,s1,95.06
9/3/2021 8:53:34 pm,s2,78.45
9/3/2021 8:53:38 pm,s1,95.06
9/3/2021 8:53:42 pm,s2,77.47
9/3/2021 8:53:47 pm,s1,95.06
9/3/2021 8:53:51 pm,s2,79.42
9/3/2021 8:53:55 pm,s1,95.06
9/3/2021 8:53:59 pm,s2,78.45
9/3/2021 8:54:03 pm,s1,95.06
9/3/2021 8:54:07 pm,s2,77.47
9/3/2021 8:54:11 pm,s1,97.02
9/3/2021 8:54:15 pm,s2,79.42
9/3/2021 8:54:20 pm,s1,96.04
9/3/2021 8:54:24 pm,s2,78.45
9/3/2021 8:54:28 pm,s1,95.06
9/3/2021 8:54:32 pm,s2,77.47
9/3/2021 8:54:36 pm,s1,96.04
9/3/2021 8:54:40 pm,s2,79.42
9/3/2021 8:54:44 pm,s1,95.06
9/3/2021 8:54:48 pm,s2,74.54
9/3/2021 8:54:52 pm,s1,95.06
9/3/2021 8:54:57 pm,s2,77.47
9/3/2021 8:55:01 pm,s1,95.06
9/3/2021 8:55:05 pm,s2,77.47
9/3/2021 8:55:09 pm,s1,98
9/3/2021 8:55:13 pm,s2,80.4
9/3/2021 8:55:17 pm,s1,98
9/3/2021 8:55:21 pm,s2,78.45
9/3/2021 8:55:25 pm,s1,97.02
9/3/2021 8:55:30 pm,s2,79.42
9/3/2021 8:55:34 pm,s1,96.04
9/3/2021 8:55:38 pm,s2,78.45
9/3/2021 8:55:42 pm,s1,96.04
9/3/2021 8:55:46 pm,s2,77.47
9/3/2021 8:55:50 pm,s1,95.06
9/3/2021 8:55:54 pm,s2,77.47
9/3/2021 8:55:59 pm,s1,94.09
9/3/2021 8:56:03 pm,s2,78.45
9/3/2021 8:56:07 pm,s1,98.97
9/3/2021 8:56:11 pm,s2,81.38
9/3/2021 8:56:15 pm,s1,95.06
9/3/2021 8:56:19 pm,s2,80.4
9/3/2021 8:56:23 pm,s1,96.04
9/3/2021 8:56:27 pm,s2,78.45
9/3/2021 8:56:32 pm,s1,95.06
9/3/2021 8:56:36 pm,s2,78.45
9/3/2021 8:56:40 pm,s1,97.02
9/3/2021 8:56:44 pm,s2,80.4
9/3/2021 8:56:48 pm,s1,94.09
9/3/2021 8:56:52 pm,s2,76.49
9/3/2021 8:56:56 pm,s1,98
9/3/2021 8:57:00 pm,s2,82.36
9/3/2021 8:57:05 pm,s1,95.06
9/3/2021 8:57:09 pm,s2,77.47
9/3/2021 8:57:13 pm,s1,96.04
9/3/2021 8:57:17 pm,s2,79.42
9/3/2021 8:57:21 pm,s1,95.06
9/3/2021 8:57:25 pm,s2,78.45
9/3/2021 8:57:29 pm,s1,98
9/3/2021 8:57:33 pm,s2,79.42
9/3/2021 8:57:38 pm,s1,97.02
9/3/2021 8:57:42 pm,s2,80.4
9/3/2021 8:57:46 pm,s1,95.06
9/3/2021 8:57:50 pm,s2,79.42
9/3/2021 8:57:54 pm,s1,94.09
9/3/2021 8:57:58 pm,s2,77.47
9/3/2021 8:58:02 pm,s1,95.06
9/3/2021 8:58:06 pm,s2,78.45
9/3/2021 8:58:11 pm,s1,96.04
9/3/2021 8:58:15 pm,s2,79.42
9/3/2021 8:58:19 pm,s1,95.06
9/3/2021 8:58:23 pm,s2,78.45
9/3/2021 8:58:27 pm,s1,94.09
9/3/2021 8:58:31 pm,s2,78.45
9/3/2021 8:58:35 pm,s1,96.04
9/3/2021 8:58:40 pm,s2,78.45
9/3/2021 8:58:44 pm,s1,96.04
9/3/2021 8:58:48 pm,s2,76.49
9/3/2021 8:58:52 pm,s1,96.04
9/3/2021 8:58:56 pm,s2,80.4
9/3/2021 8:59:00 pm,s1,89.2
9/3/2021 8:59:04 pm,s2,71.6
9/3/2021 8:59:08 pm,s1,91.15
9/3/2021 8:59:13 pm,s2,73.56
9/3/2021 8:59:17 pm,s1,89.2
9/3/2021 8:59:21 pm,s2,76.49
9/3/2021 8:59:25 pm,s1,88.22
9/3/2021 8:59:29 pm,s2,73.56
9/3/2021 8:59:33 pm,s1,88.22
9/3/2021 8:59:37 pm,s2,75.51
9/3/2021 8:59:42 pm,s1,86.27
9/3/2021 8:59:46 pm,s2,73.56
9/3/2021 8:59:50 pm,s1,86.27
9/3/2021 8:59:54 pm,s2,74.54
9/3/2021 8:59:58 pm,s1,86.27
9/3/2021 9:00:02 pm,s2,74.54
9/3/2021 9:00:06 pm,s1,84.31
9/3/2021 9:00:10 pm,s2,74.54
9/3/2021 9:00:14 pm,s1,80.4
9/3/2021 9:00:19 pm,s2,70.63
9/3/2021 9:00:23 pm,s1,83.33
9/3/2021 9:00:27 pm,s2,74.54
9/3/2021 9:00:31 pm,s1,83.33
9/3/2021 9:00:35 pm,s2,74.54
9/3/2021 9:00:39 pm,s1,82.36
9/3/2021 9:00:43 pm,s2,73.56
9/3/2021 9:00:47 pm,s1,80.4
9/3/2021 9:00:51 pm,s2,73.56
9/3/2021 9:00:56 pm,s1,81.38
9/3/2021 9:01:00 pm,s2,73.56
9/3/2021 9:01:04 pm,s1,78.45
9/3/2021 9:01:08 pm,s2,71.6
9/3/2021 9:01:12 pm,s1,80.4
9/3/2021 9:01:16 pm,s2,75.51
9/3/2021 9:01:20 pm,s1,79.42
9/3/2021 9:01:25 pm,s2,73.56
9/3/2021 9:01:29 pm,s1,79.42
9/3/2021 9:01:33 pm,s2,74.54
9/3/2021 9:01:37 pm,s1,76.49
9/3/2021 9:01:41 pm,s2,71.6
9/3/2021 9:01:45 pm,s1,75.51
9/3/2021 9:01:49 pm,s2,72.58
9/3/2021 9:01:53 pm,s1,74.54
9/3/2021 9:01:58 pm,s2,70.63
9/3/2021 9:02:02 pm,s1,76.49
9/3/2021 9:02:06 pm,s2,74.54
9/3/2021 9:02:10 pm,s1,75.51
9/3/2021 9:02:14 pm,s2,73.56
9/3/2021 9:02:18 pm,s1,73.56
9/3/2021 9:02:22 pm,s2,73.56
9/3/2021 9:02:27 pm,s1,72.58
9/3/2021 9:02:31 pm,s2,71.6
9/3/2021 9:02:35 pm,s1,69.65
9/3/2021 9:02:39 pm,s2,69.65
9/3/2021 9:02:43 pm,s1,71.6
9/3/2021 9:02:47 pm,s2,73.56
9/3/2021 9:02:51 pm,s1,67.69
9/3/2021 9:02:55 pm,s2,69.65
9/3/2021 9:03:00 pm,s1,69.65
9/3/2021 9:03:04 pm,s2,71.6
9/3/2021 9:03:08 pm,s1,69.65
9/3/2021 9:03:12 pm,s2,73.56
9/3/2021 9:03:16 pm,s1,68.67
9/3/2021 9:03:20 pm,s2,69.65
9/3/2021 9:03:24 pm,s1,67.69
9/3/2021 9:03:29 pm,s2,71.6
9/3/2021 9:03:33 pm,s1,68.67
9/3/2021 9:03:37 pm,s2,72.58
9/3/2021 9:03:41 pm,s1,66.72
9/3/2021 9:03:45 pm,s2,71.6
9/3/2021 9:03:49 pm,s1,67.69
9/3/2021 9:03:53 pm,s2,72.58
9/3/2021 9:03:57 pm,s1,65.74
9/3/2021 9:04:01 pm,s2,71.6
9/3/2021 9:04:06 pm,s1,64.76
9/3/2021 9:04:10 pm,s2,70.63
9/3/2021 9:04:14 pm,s1,67.69
9/3/2021 9:04:18 pm,s2,75.51
9/3/2021 9:04:22 pm,s1,67.69
9/3/2021 9:04:26 pm,s2,73.56
9/3/2021 9:04:31 pm,s1,64.76
9/3/2021 9:04:35 pm,s2,72.58
9/3/2021 9:04:39 pm,s1,64.76
9/3/2021 9:04:43 pm,s2,69.65
9/3/2021 9:04:47 pm,s1,63.78
9/3/2021 9:04:51 pm,s2,71.6
9/3/2021 9:04:55 pm,s1,63.78
9/3/2021 9:04:59 pm,s2,71.6
9/3/2021 9:05:04 pm,s1,60.85
9/3/2021 9:05:08 pm,s2,67.69
9/3/2021 9:05:12 pm,s1,61.83
9/3/2021 9:05:16 pm,s2,69.65
9/3/2021 9:05:20 pm,s1,58.9
9/3/2021 9:05:24 pm,s2,68.67
9/3/2021 9:05:29 pm,s1,63.78
9/3/2021 9:05:33 pm,s2,73.56
9/3/2021 9:05:37 pm,s1,61.83
9/3/2021 9:05:41 pm,s2,71.6
9/3/2021 9:05:45 pm,s1,59.87
9/3/2021 9:05:49 pm,s2,69.65
9/3/2021 9:05:53 pm,s1,60.85
9/3/2021 9:05:57 pm,s2,71.6
9/3/2021 9:06:02 pm,s1,59.87
9/3/2021 9:06:06 pm,s2,71.6
9/3/2021 9:06:10 pm,s1,58.9
9/3/2021 9:06:14 pm,s2,67.69
9/3/2021 9:06:18 pm,s1,57.92
9/3/2021 9:06:22 pm,s2,68.67
9/3/2021 9:06:26 pm,s1,59.87
9/3/2021 9:06:30 pm,s2,70.63
9/3/2021 9:06:35 pm,s1,58.9
9/3/2021 9:06:39 pm,s2,70.63
9/3/2021 9:06:43 pm,s1,57.92
9/3/2021 9:06:47 pm,s2,69.65
9/3/2021 9:06:51 pm,s1,61.83
9/3/2021 9:06:55 pm,s2,72.58
9/3/2021 9:06:59 pm,s1,57.92
9/3/2021 9:07:03 pm,s2,70.63
9/3/2021 9:07:07 pm,s1,56.94
9/3/2021 9:07:11 pm,s2,70.63
9/3/2021 9:07:16 pm,s1,57.92
9/3/2021 9:07:20 pm,s2,70.63
9/3/2021 9:07:24 pm,s1,56.94
9/3/2021 9:07:28 pm,s2,69.65
9/3/2021 9:07:32 pm,s1,56.94
9/3/2021 9:07:36 pm,s2,70.63
9/3/2021 9:07:40 pm,s1,57.92
9/3/2021 9:07:44 pm,s2,74.54
9/3/2021 9:07:49 pm,s1,55.96
9/3/2021 9:07:53 pm,s2,71.6
9/3/2021 9:07:57 pm,s1,54.01
9/3/2021 9:08:01 pm,s2,66.72
9/3/2021 9:08:05 pm,s1,55.96
9/3/2021 9:08:09 pm,s2,70.63
9/3/2021 9:08:13 pm,s1,52.05
9/3/2021 9:08:17 pm,s2,67.69
9/3/2021 9:08:22 pm,s1,54.01
9/3/2021 9:08:26 pm,s2,68.67
9/3/2021 9:08:30 pm,s1,54.01
9/3/2021 9:08:34 pm,s2,68.67
9/3/2021 9:08:38 pm,s1,54.01
9/3/2021 9:08:42 pm,s2,69.65
9/3/2021 9:08:46 pm,s1,55.96
9/3/2021 9:08:50 pm,s2,72.58
9/3/2021 9:08:55 pm,s1,54.99
9/3/2021 9:08:59 pm,s2,70.63
9/3/2021 9:09:03 pm,s1,53.03
9/3/2021 9:09:07 pm,s2,70.63
9/3/2021 9:09:11 pm,s1,53.03
9/3/2021 9:09:15 pm,s2,69.65
9/3/2021 9:09:19 pm,s1,52.05
9/3/2021 9:09:24 pm,s2,70.63
9/3/2021 9:09:28 pm,s1,52.05
9/3/2021 9:09:32 pm,s2,69.65
9/3/2021 9:09:36 pm,s1,52.05
9/3/2021 9:09:40 pm,s2,69.65
9/3/2021 9:09:44 pm,s1,54.01
9/3/2021 9:09:48 pm,s2,71.6
9/3/2021 9:09:52 pm,s1,50.1
9/3/2021 9:09:57 pm,s2,67.69
9/3/2021 9:10:01 pm,s1,53.03
9/3/2021 9:10:05 pm,s2,71.6
9/3/2021 9:10:09 pm,s1,52.05
9/3/2021 9:10:13 pm,s2,70.63
9/3/2021 9:10:17 pm,s1,54.01
9/3/2021 9:10:21 pm,s2,72.58
9/3/2021 9:10:26 pm,s1,51.08
9/3/2021 9:10:30 pm,s2,69.65
9/3/2021 9:10:34 pm,s1,52.05
9/3/2021 9:10:38 pm,s2,71.6
9/3/2021 9:10:42 pm,s1,52.05
9/3/2021 9:10:46 pm,s2,69.65
9/3/2021 9:10:50 pm,s1,53.03
9/3/2021 9:10:55 pm,s2,72.58
9/3/2021 9:10:59 pm,s1,49.12
9/3/2021 9:11:03 pm,s2,67.69
9/3/2021 9:11:07 pm,s1,48.14
9/3/2021 9:11:11 pm,s2,68.67
9/3/2021 9:11:15 pm,s1,49.12
9/3/2021 9:11:19 pm,s2,68.67
9/3/2021 9:11:24 pm,s1,49.12
9/3/2021 9:11:28 pm,s2,70.63
9/3/2021 9:11:32 pm,s1,49.12
9/3/2021 9:11:36 pm,s2,69.65
9/3/2021 9:11:40 pm,s1,50.1
9/3/2021 9:11:44 pm,s2,69.65
9/3/2021 9:11:48 pm,s1,50.1
9/3/2021 9:11:53 pm,s2,70.63
9/3/2021 9:11:57 pm,s1,49.12
9/3/2021 9:12:01 pm,s2,69.65
9/3/2021 9:12:05 pm,s1,48.14
9/3/2021 9:12:09 pm,s2,69.65
9/3/2021 9:12:13 pm,s1,46.19
9/3/2021 9:12:17 pm,s2,66.72
9/3/2021 9:12:21 pm,s1,48.14
9/3/2021 9:12:25 pm,s2,68.67
9/3/2021 9:12:30 pm,s1,48.14
9/3/2021 9:12:34 pm,s2,68.67
9/3/2021 9:12:38 pm,s1,50.1
9/3/2021 9:12:42 pm,s2,71.6
9/3/2021 9:12:46 pm,s1,49.12
9/3/2021 9:12:50 pm,s2,71.6
9/3/2021 9:12:54 pm,s1,48.14
9/3/2021 9:12:58 pm,s2,68.67
9/3/2021 9:13:03 pm,s1,48.14
9/3/2021 9:13:07 pm,s2,69.65
9/3/2021 9:13:11 pm,s1,50.1
9/3/2021 9:13:15 pm,s2,72.58
9/3/2021 9:13:19 pm,s1,47.17
9/3/2021 9:13:23 pm,s2,69.65
9/3/2021 9:13:27 pm,s1,48.14
9/3/2021 9:13:31 pm,s2,69.65
9/3/2021 9:13:36 pm,s1,47.17
9/3/2021 9:13:40 pm,s2,67.69
9/3/2021 9:13:44 pm,s1,45.21
9/3/2021 9:13:48 pm,s2,68.67
9/3/2021 9:13:52 pm,s1,46.19
9/3/2021 9:13:56 pm,s2,68.67
9/3/2021 9:14:00 pm,s1,45.21
9/3/2021 9:14:04 pm,s2,66.72
9/3/2021 9:14:09 pm,s1,45.21
9/3/2021 9:14:13 pm,s2,67.69
9/3/2021 9:14:17 pm,s1,45.21
9/3/2021 9:14:21 pm,s2,67.69
9/3/2021 9:14:25 pm,s1,44.23
9/3/2021 9:14:31 pm,s2,65.74
9/3/2021 9:14:35 pm,s1,44.23
9/3/2021 9:14:39 pm,s2,64.76
9/3/2021 9:14:43 pm,s1,47.17
9/3/2021 9:14:47 pm,s2,67.69
9/3/2021 9:14:51 pm,s1,45.21
9/3/2021 9:14:55 pm,s2,66.72
9/3/2021 9:14:59 pm,s1,45.21
9/3/2021 9:15:03 pm,s2,67.69
9/3/2021 9:15:07 pm,s1,44.23
9/3/2021 9:15:11 pm,s2,67.69
9/3/2021 9:15:16 pm,s1,43.26
9/3/2021 9:15:20 pm,s2,64.76
9/3/2021 9:15:24 pm,s1,46.19
9/3/2021 9:15:28 pm,s2,67.69
9/3/2021 9:15:32 pm,s1,44.23
9/3/2021 9:15:36 pm,s2,66.72
9/3/2021 9:15:40 pm,s1,44.23
9/3/2021 9:15:44 pm,s2,68.67
9/3/2021 9:15:49 pm,s1,44.23
9/3/2021 9:15:53 pm,s2,68.67
9/3/2021 9:15:57 pm,s1,42.28
9/3/2021 9:16:01 pm,s2,61.83
9/3/2021 9:16:05 pm,s1,42.28
9/3/2021 9:16:09 pm,s2,66.72
9/3/2021 9:16:13 pm,s1,42.28
9/3/2021 9:16:17 pm,s2,64.76
9/3/2021 9:16:21 pm,s1,42.28
9/3/2021 9:16:26 pm,s2,65.74
9/3/2021 9:16:30 pm,s1,43.26
9/3/2021 9:16:34 pm,s2,67.69
9/3/2021 9:16:38 pm,s1,42.28
9/3/2021 9:16:42 pm,s2,64.76
9/3/2021 9:16:46 pm,s1,42.28
9/3/2021 9:16:50 pm,s2,66.72
9/3/2021 9:16:54 pm,s1,41.3
9/3/2021 9:16:58 pm,s2,65.74
9/3/2021 9:17:03 pm,s1,42.28
9/3/2021 9:17:07 pm,s2,67.69
9/3/2021 9:17:11 pm,s1,41.3
