15/2/2021 7:32:37 pm,s2,101.91
15/2/2021 7:32:41 pm,s1,99.95
15/2/2021 7:32:45 pm,s2,104.84
15/2/2021 7:32:49 pm,s1,97.02
15/2/2021 7:32:53 pm,s2,100.93
15/2/2021 7:32:57 pm,s1,98.97
15/2/2021 7:33:02 pm,s2,104.84
15/2/2021 7:33:06 pm,s1,99.95
15/2/2021 7:33:10 pm,s2,103.86
15/2/2021 7:33:14 pm,s1,99.95
15/2/2021 7:33:18 pm,s2,103.86
15/2/2021 7:33:22 pm,s1,98
15/2/2021 7:33:26 pm,s2,102.88
15/2/2021 7:33:30 pm,s1,98.97
15/2/2021 7:33:35 pm,s2,103.86
15/2/2021 7:33:39 pm,s1,98.97
15/2/2021 7:33:43 pm,s2,103.86
15/2/2021 7:33:47 pm,s1,99.95
15/2/2021 7:33:51 pm,s2,104.84
15/2/2021 7:33:55 pm,s1,98.97
15/2/2021 7:34:00 pm,s2,104.84
15/2/2021 7:34:04 pm,s1,99.95
15/2/2021 7:34:08 pm,s2,103.86
15/2/2021 7:34:12 pm,s1,100.93
15/2/2021 7:34:16 pm,s2,106.79
15/2/2021 7:34:20 pm,s1,98.97
15/2/2021 7:34:24 pm,s2,104.84
15/2/2021 7:34:29 pm,s1,98
15/2/2021 7:34:33 pm,s2,101.91
15/2/2021 7:34:37 pm,s1,98
15/2/2021 7:34:41 pm,s2,102.88
15/2/2021 7:34:45 pm,s1,98.97
15/2/2021 7:34:49 pm,s2,103.86
15/2/2021 7:34:54 pm,s1,101.91
15/2/2021 7:34:58 pm,s2,107.77
15/2/2021 7:35:02 pm,s1,98
15/2/2021 7:35:06 pm,s2,102.88
15/2/2021 7:35:10 pm,s1,98.97
15/2/2021 7:35:14 pm,s2,104.84
15/2/2021 7:35:18 pm,s1,99.95
15/2/2021 7:35:22 pm,s2,104.84
15/2/2021 7:35:27 pm,s1,98.97
15/2/2021 7:35:31 pm,s2,104.84
15/2/2021 7:35:35 pm,s1,98.97
15/2/2021 7:35:39 pm,s2,103.86
15/2/2021 7:35:43 pm,s1,101.91
15/2/2021 7:35:47 pm,s2,106.79
15/2/2021 7:35:52 pm,s1,98.97
15/2/2021 7:35:56 pm,s2,104.84
15/2/2021 7:36:00 pm,s1,97.02
15/2/2021 7:36:04 pm,s2,101.91
15/2/2021 7:36:08 pm,s1,98.97
15/2/2021 7:36:12 pm,s2,105.82
15/2/2021 7:36:16 pm,s1,99.95
15/2/2021 7:36:20 pm,s2,104.84
15/2/2021 7:36:25 pm,s1,99.95
15/2/2021 7:36:29 pm,s2,105.82
15/2/2021 7:36:33 pm,s1,99.95
15/2/2021 7:36:37 pm,s2,104.84
15/2/2021 7:36:41 pm,s1,99.95
15/2/2021 7:36:45 pm,s2,105.82
15/2/2021 7:36:50 pm,s1,98.97
15/2/2021 7:36:54 pm,s2,103.86
15/2/2021 7:36:58 pm,s1,102.88
15/2/2021 7:37:02 pm,s2,108.75
15/2/2021 7:37:06 pm,s1,99.95
15/2/2021 7:37:10 pm,s2,104.84
15/2/2021 7:37:14 pm,s1,99.95
15/2/2021 7:37:19 pm,s2,105.82
15/2/2021 7:37:23 pm,s1,99.95
15/2/2021 7:37:27 pm,s2,105.82
15/2/2021 7:37:31 pm,s1,99.95
15/2/2021 7:37:35 pm,s2,104.84
15/2/2021 7:37:39 pm,s1,98.97
15/2/2021 7:37:43 pm,s2,103.86
15/2/2021 7:37:48 pm,s1,97.02
15/2/2021 7:37:52 pm,s2,101.91
15/2/2021 7:37:56 pm,s1,99.95
15/2/2021 7:38:00 pm,s2,105.82
15/2/2021 7:38:04 pm,s1,98.97
15/2/2021 7:38:08 pm,s2,105.82
15/2/2021 7:38:12 pm,s1,98.97
15/2/2021 7:38:17 pm,s2,103.86
15/2/2021 7:38:21 pm,s1,99.95
15/2/2021 7:38:25 pm,s2,103.86
15/2/2021 7:38:29 pm,s1,99.95
15/2/2021 7:38:33 pm,s2,104.84
15/2/2021 7:38:37 pm,s1,102.88
15/2/2021 7:38:41 pm,s2,109.73
15/2/2021 7:38:46 pm,s1,100.93
15/2/2021 7:38:50 pm,s2,105.82
15/2/2021 7:38:54 pm,s1,99.95
15/2/2021 7:38:58 pm,s2,105.82
15/2/2021 7:39:02 pm,s1,98.97
15/2/2021 7:39:06 pm,s2,103.86
15/2/2021 7:39:11 pm,s1,101.91
15/2/2021 7:39:15 pm,s2,107.77
15/2/2021 7:39:19 pm,s1,99.95
15/2/2021 7:39:23 pm,s2,104.84
15/2/2021 7:39:27 pm,s1,98.97
15/2/2021 7:39:31 pm,s2,104.84
15/2/2021 7:39:35 pm,s1,99.95
15/2/2021 7:39:40 pm,s2,104.84
15/2/2021 7:39:44 pm,s1,98.97
15/2/2021 7:39:48 pm,s2,103.86
15/2/2021 7:39:52 pm,s1,99.95
15/2/2021 7:39:56 pm,s2,105.82
15/2/2021 7:40:00 pm,s1,101.91
15/2/2021 7:40:04 pm,s2,107.77
15/2/2021 7:40:09 pm,s1,101.91
15/2/2021 7:40:13 pm,s2,108.75
15/2/2021 7:40:17 pm,s1,98
15/2/2021 7:40:21 pm,s2,102.88
15/2/2021 7:40:25 pm,s1,98
15/2/2021 7:40:29 pm,s2,102.88
15/2/2021 7:40:33 pm,s1,101.91
15/2/2021 7:40:38 pm,s2,108.75
15/2/2021 7:40:42 pm,s1,100.93
15/2/2021 7:40:46 pm,s2,105.82
15/2/2021 7:40:50 pm,s1,99.95
15/2/2021 7:40:54 pm,s2,105.82
15/2/2021 7:40:58 pm,s1,98.97
15/2/2021 7:41:02 pm,s2,104.84
15/2/2021 7:41:07 pm,s1,99.95
15/2/2021 7:41:11 pm,s2,104.84
15/2/2021 7:41:15 pm,s1,98.97
15/2/2021 7:41:19 pm,s2,104.84
15/2/2021 7:41:23 pm,s1,99.95
15/2/2021 7:41:27 pm,s2,104.84
15/2/2021 7:41:31 pm,s1,100.93
15/2/2021 7:41:36 pm,s2,104.84
15/2/2021 7:41:40 pm,s1,100.93
15/2/2021 7:41:44 pm,s2,106.79
15/2/2021 7:41:48 pm,s1,99.95
15/2/2021 7:41:52 pm,s2,105.82
15/2/2021 7:41:56 pm,s1,99.95
15/2/2021 7:42:00 pm,s2,103.86
15/2/2021 7:42:05 pm,s1,99.95
15/2/2021 7:42:09 pm,s2,104.84
15/2/2021 7:42:13 pm,s1,99.95
15/2/2021 7:42:17 pm,s2,104.84
15/2/2021 7:42:21 pm,s1,98.97
15/2/2021 7:42:25 pm,s2,104.84
15/2/2021 7:42:29 pm,s1,99.95
15/2/2021 7:42:33 pm,s2,105.82
15/2/2021 7:42:38 pm,s1,99.95
15/2/2021 7:42:42 pm,s2,104.84
15/2/2021 7:42:46 pm,s1,100.93
15/2/2021 7:42:50 pm,s2,106.79
15/2/2021 7:42:54 pm,s1,98.97
15/2/2021 7:42:58 pm,s2,104.84
15/2/2021 7:43:03 pm,s1,99.95
15/2/2021 7:43:07 pm,s2,104.84
15/2/2021 7:43:11 pm,s1,102.88
15/2/2021 7:43:15 pm,s2,107.77
15/2/2021 7:43:19 pm,s1,100.93
15/2/2021 7:43:23 pm,s2,105.82
15/2/2021 7:43:27 pm,s1,100.93
15/2/2021 7:43:31 pm,s2,105.82
15/2/2021 7:43:36 pm,s1,102.88
15/2/2021 7:43:40 pm,s2,109.73
15/2/2021 7:43:44 pm,s1,99.95
15/2/2021 7:43:48 pm,s2,104.84
15/2/2021 7:43:52 pm,s1,100.93
15/2/2021 7:43:56 pm,s2,108.75
15/2/2021 7:44:00 pm,s1,101.91
15/2/2021 7:44:05 pm,s2,107.77
15/2/2021 7:44:09 pm,s1,102.88
15/2/2021 7:44:13 pm,s2,109.73
15/2/2021 7:44:17 pm,s1,100.93
15/2/2021 7:44:21 pm,s2,105.82
15/2/2021 7:44:53 pm,s2,106.79
15/2/2021 7:44:57 pm,s1,99.95
15/2/2021 7:45:01 pm,s2,103.86
15/2/2021 7:45:05 pm,s1,98
15/2/2021 7:45:10 pm,s2,101.91
15/2/2021 7:45:14 pm,s1,98.97
15/2/2021 7:45:18 pm,s2,103.86
15/2/2021 7:45:22 pm,s1,102.88
15/2/2021 7:45:26 pm,s2,108.75
15/2/2021 7:45:30 pm,s1,100.93
15/2/2021 7:45:34 pm,s2,103.86
15/2/2021 7:45:38 pm,s1,100.93
15/2/2021 7:45:43 pm,s2,106.79
15/2/2021 7:45:47 pm,s1,99.95
15/2/2021 7:45:51 pm,s2,105.82
15/2/2021 7:45:55 pm,s1,100.93
15/2/2021 7:45:59 pm,s2,107.77
15/2/2021 7:46:03 pm,s1,98
15/2/2021 7:46:08 pm,s2,103.86
15/2/2021 7:46:13 pm,s1,99.95
15/2/2021 7:46:17 pm,s2,105.82
15/2/2021 7:46:21 pm,s1,98.97
15/2/2021 7:46:25 pm,s2,103.86
15/2/2021 7:46:29 pm,s1,100.93
15/2/2021 7:46:34 pm,s2,104.84
15/2/2021 7:46:38 pm,s1,101.91
15/2/2021 7:46:42 pm,s2,105.82
15/2/2021 7:46:46 pm,s1,99.95
15/2/2021 7:46:50 pm,s2,104.84
15/2/2021 7:46:54 pm,s1,99.95
15/2/2021 7:46:59 pm,s2,101.91
15/2/2021 7:47:03 pm,s1,100.93
15/2/2021 7:47:07 pm,s2,106.79
15/2/2021 7:47:11 pm,s1,100.93
15/2/2021 7:47:15 pm,s2,106.79
15/2/2021 7:47:19 pm,s1,99.95
15/2/2021 7:47:23 pm,s2,106.79
15/2/2021 7:47:28 pm,s1,99.95
15/2/2021 7:47:32 pm,s2,105.82
15/2/2021 7:47:36 pm,s1,99.95
15/2/2021 7:47:40 pm,s2,104.84
15/2/2021 7:47:44 pm,s1,98.97
15/2/2021 7:47:48 pm,s2,103.86
15/2/2021 7:47:52 pm,s1,99.95
15/2/2021 7:47:57 pm,s2,100.93
15/2/2021 7:48:01 pm,s1,99.95
15/2/2021 7:48:05 pm,s2,104.84
15/2/2021 7:48:09 pm,s1,100.93
15/2/2021 7:48:13 pm,s2,106.79
15/2/2021 7:48:17 pm,s1,100.93
15/2/2021 7:48:21 pm,s2,106.79
15/2/2021 7:48:26 pm,s1,100.93
15/2/2021 7:48:30 pm,s2,107.77
15/2/2021 7:48:34 pm,s1,99.95
15/2/2021 7:48:38 pm,s2,105.82
15/2/2021 7:48:42 pm,s1,99.95
15/2/2021 7:48:46 pm,s2,105.82
15/2/2021 7:48:50 pm,s1,100.93
15/2/2021 7:48:55 pm,s2,106.79
15/2/2021 7:48:59 pm,s1,102.88
15/2/2021 7:49:03 pm,s2,107.77
15/2/2021 7:49:07 pm,s1,100.93
15/2/2021 7:49:11 pm,s2,106.79
15/2/2021 7:49:15 pm,s1,99.95
15/2/2021 7:49:19 pm,s2,105.82
15/2/2021 7:49:24 pm,s1,100.93
15/2/2021 7:49:28 pm,s2,106.79
15/2/2021 7:49:32 pm,s1,98.97
15/2/2021 7:49:36 pm,s2,103.86
15/2/2021 7:49:40 pm,s1,99.95
15/2/2021 7:49:44 pm,s2,105.82
15/2/2021 7:49:48 pm,s1,100.93
15/2/2021 7:49:52 pm,s2,105.82
15/2/2021 7:49:57 pm,s1,100.93
15/2/2021 7:50:01 pm,s2,105.82
15/2/2021 7:50:05 pm,s1,100.93
15/2/2021 7:50:09 pm,s2,106.79
15/2/2021 7:50:13 pm,s1,98.97
15/2/2021 7:50:17 pm,s2,102.88
15/2/2021 7:50:21 pm,s1,100.93
15/2/2021 7:50:26 pm,s2,105.82
15/2/2021 7:50:30 pm,s1,101.91
15/2/2021 7:50:34 pm,s2,106.79
15/2/2021 7:50:38 pm,s1,99.95
15/2/2021 7:50:42 pm,s2,105.82
15/2/2021 7:50:46 pm,s1,100.93
15/2/2021 7:50:51 pm,s2,106.79
15/2/2021 7:50:55 pm,s1,99.95
15/2/2021 7:50:59 pm,s2,102.88
15/2/2021 7:51:03 pm,s1,100.93
15/2/2021 7:51:07 pm,s2,107.77
15/2/2021 7:51:11 pm,s1,102.88
15/2/2021 7:51:15 pm,s2,108.75
15/2/2021 7:51:20 pm,s1,102.88
15/2/2021 7:51:24 pm,s2,108.75
15/2/2021 7:51:28 pm,s1,98
15/2/2021 7:51:32 pm,s2,103.86
15/2/2021 7:51:36 pm,s1,99.95
15/2/2021 7:51:41 pm,s2,104.84
15/2/2021 7:51:45 pm,s1,98
15/2/2021 7:51:49 pm,s2,101.91
15/2/2021 7:51:53 pm,s1,100.93
15/2/2021 7:51:57 pm,s2,106.79
15/2/2021 7:52:01 pm,s1,102.88
15/2/2021 7:52:05 pm,s2,108.75
15/2/2021 7:52:10 pm,s1,98.97
15/2/2021 7:52:14 pm,s2,104.84
15/2/2021 7:52:18 pm,s1,100.93
15/2/2021 7:52:22 pm,s2,105.82
15/2/2021 7:52:26 pm,s1,99.95
15/2/2021 7:52:30 pm,s2,105.82
15/2/2021 7:52:34 pm,s1,99.95
15/2/2021 7:52:38 pm,s2,105.82
15/2/2021 7:52:42 pm,s1,99.95
15/2/2021 7:52:46 pm,s2,105.82
15/2/2021 7:52:51 pm,s1,102.88
15/2/2021 7:52:55 pm,s2,108.75
15/2/2021 7:52:59 pm,s1,100.93
15/2/2021 7:53:03 pm,s2,106.79
15/2/2021 7:53:07 pm,s1,101.91
15/2/2021 7:53:11 pm,s2,107.77
15/2/2021 7:53:15 pm,s1,100.93
15/2/2021 7:53:19 pm,s2,106.79
15/2/2021 7:53:24 pm,s1,98.97
15/2/2021 7:53:29 pm,s2,103.86
15/2/2021 7:53:33 pm,s1,100.93
15/2/2021 7:53:37 pm,s2,105.82
15/2/2021 7:53:41 pm,s1,100.93
15/2/2021 7:53:45 pm,s2,105.82
15/2/2021 7:53:50 pm,s1,100.93
15/2/2021 7:53:54 pm,s2,106.79
15/2/2021 7:53:58 pm,s1,100.93
15/2/2021 7:54:02 pm,s2,106.79
15/2/2021 7:54:06 pm,s1,101.91
15/2/2021 7:54:10 pm,s2,105.82
15/2/2021 7:54:14 pm,s1,100.93
15/2/2021 7:54:18 pm,s2,107.77
15/2/2021 7:54:22 pm,s1,100.93
15/2/2021 7:54:27 pm,s2,106.79
15/2/2021 7:54:31 pm,s1,102.88
15/2/2021 7:54:35 pm,s2,109.73
15/2/2021 7:54:39 pm,s1,100.93
15/2/2021 7:54:43 pm,s2,105.82
15/2/2021 7:54:47 pm,s1,100.93
15/2/2021 7:54:51 pm,s2,106.79
15/2/2021 7:54:56 pm,s1,100.93
15/2/2021 7:55:00 pm,s2,105.82
15/2/2021 7:55:04 pm,s1,99.95
15/2/2021 7:55:08 pm,s2,105.82
15/2/2021 7:55:12 pm,s1,100.93
15/2/2021 7:55:16 pm,s2,106.79
15/2/2021 7:55:20 pm,s1,101.91
15/2/2021 7:55:24 pm,s2,106.79
15/2/2021 7:55:28 pm,s1,98.97
15/2/2021 7:55:33 pm,s2,104.84
15/2/2021 7:55:37 pm,s1,100.93
15/2/2021 7:55:41 pm,s2,105.82
15/2/2021 7:55:45 pm,s1,101.91
15/2/2021 7:55:49 pm,s2,106.79
15/2/2021 7:55:53 pm,s1,100.93
15/2/2021 7:55:57 pm,s2,106.79
15/2/2021 7:56:02 pm,s1,99.95
15/2/2021 7:56:06 pm,s2,106.79
15/2/2021 7:56:10 pm,s1,102.88
15/2/2021 7:56:14 pm,s2,108.75
15/2/2021 7:56:18 pm,s1,98.97
15/2/2021 7:56:22 pm,s2,103.86
15/2/2021 7:56:26 pm,s1,102.88
15/2/2021 7:56:30 pm,s2,109.73
15/2/2021 7:56:35 pm,s1,100.93
15/2/2021 7:56:39 pm,s2,106.79
15/2/2021 7:56:43 pm,s1,102.88
15/2/2021 7:56:47 pm,s2,109.73
15/2/2021 7:56:51 pm,s1,98.97
15/2/2021 7:56:55 pm,s2,103.86
15/2/2021 7:56:59 pm,s1,100.93
15/2/2021 7:57:03 pm,s2,106.79
15/2/2021 7:57:08 pm,s1,101.91
15/2/2021 7:57:12 pm,s2,106.79
15/2/2021 7:57:16 pm,s1,98.97
15/2/2021 7:57:20 pm,s2,104.84
15/2/2021 7:57:24 pm,s1,101.91
15/2/2021 7:57:28 pm,s2,107.77
15/2/2021 7:57:32 pm,s1,101.91
15/2/2021 7:57:37 pm,s2,107.77
15/2/2021 7:57:41 pm,s1,100.93
15/2/2021 7:57:45 pm,s2,105.82
15/2/2021 7:57:49 pm,s1,103.86
15/2/2021 7:57:53 pm,s2,110.7
15/2/2021 7:57:57 pm,s1,100.93
15/2/2021 7:58:02 pm,s2,105.82
15/2/2021 7:58:06 pm,s1,101.91
15/2/2021 7:58:10 pm,s2,107.77
15/2/2021 7:58:14 pm,s1,101.91
15/2/2021 7:58:18 pm,s2,106.79
15/2/2021 7:58:22 pm,s1,99.95
15/2/2021 7:58:26 pm,s2,104.84
15/2/2021 7:58:30 pm,s1,100.93
15/2/2021 7:58:35 pm,s2,105.82
15/2/2021 7:58:39 pm,s1,101.91
15/2/2021 7:58:43 pm,s2,107.77
15/2/2021 7:58:47 pm,s1,101.91
15/2/2021 7:58:51 pm,s2,106.79
15/2/2021 7:58:55 pm,s1,101.91
15/2/2021 7:58:59 pm,s2,106.79
15/2/2021 7:59:04 pm,s1,101.91
15/2/2021 7:59:08 pm,s2,107.77
15/2/2021 7:59:12 pm,s1,104.84
15/2/2021 7:59:16 pm,s2,110.7
15/2/2021 7:59:20 pm,s1,100.93
15/2/2021 7:59:24 pm,s2,106.79
15/2/2021 7:59:28 pm,s1,101.91
15/2/2021 7:59:32 pm,s2,107.77
15/2/2021 7:59:36 pm,s1,100.93
15/2/2021 7:59:41 pm,s2,106.79
15/2/2021 7:59:45 pm,s1,101.91
15/2/2021 7:59:49 pm,s2,108.75
15/2/2021 7:59:53 pm,s1,100.93
15/2/2021 7:59:57 pm,s2,106.79
15/2/2021 8:00:02 pm,s1,100.93
15/2/2021 8:00:06 pm,s2,106.79
15/2/2021 8:00:11 pm,s1,101.91
15/2/2021 8:00:16 pm,s2,107.77
15/2/2021 8:00:20 pm,s1,101.91
15/2/2021 8:00:24 pm,s2,107.77
15/2/2021 8:00:28 pm,s1,101.91
15/2/2021 8:00:32 pm,s2,108.75
15/2/2021 8:00:36 pm,s1,101.91
15/2/2021 8:00:41 pm,s2,106.79
15/2/2021 8:00:45 pm,s1,101.91
15/2/2021 8:00:49 pm,s2,106.79
15/2/2021 8:00:53 pm,s1,98.97
15/2/2021 8:00:57 pm,s2,103.86
15/2/2021 8:01:01 pm,s1,101.91
15/2/2021 8:01:05 pm,s2,107.77
15/2/2021 8:01:10 pm,s1,99.95
15/2/2021 8:01:14 pm,s2,105.82
15/2/2021 8:01:18 pm,s1,100.93
15/2/2021 8:01:22 pm,s2,106.79
15/2/2021 8:01:26 pm,s1,101.91
15/2/2021 8:01:30 pm,s2,107.77
15/2/2021 8:01:34 pm,s1,101.91
15/2/2021 8:01:38 pm,s2,108.75
15/2/2021 8:01:43 pm,s1,100.93
15/2/2021 8:01:47 pm,s2,106.79
15/2/2021 8:01:51 pm,s1,100.93
15/2/2021 8:01:55 pm,s2,106.79
15/2/2021 8:01:59 pm,s1,98.97
15/2/2021 8:02:03 pm,s2,102.88
15/2/2021 8:02:07 pm,s1,103.86
15/2/2021 8:02:12 pm,s2,110.7
15/2/2021 8:02:16 pm,s1,101.91
15/2/2021 8:02:20 pm,s2,107.77
15/2/2021 8:02:24 pm,s1,100.93
15/2/2021 8:02:28 pm,s2,106.79
15/2/2021 8:02:32 pm,s1,103.86
15/2/2021 8:02:36 pm,s2,111.68
15/2/2021 8:02:41 pm,s1,103.86
15/2/2021 8:02:45 pm,s2,110.7
15/2/2021 8:02:49 pm,s1,100.93
15/2/2021 8:02:53 pm,s2,107.77
15/2/2021 8:02:57 pm,s1,100.93
15/2/2021 8:03:01 pm,s2,106.79
15/2/2021 8:03:05 pm,s1,100.93
15/2/2021 8:03:10 pm,s2,107.77
15/2/2021 8:03:14 pm,s1,99.95
15/2/2021 8:03:18 pm,s2,104.84
15/2/2021 8:03:22 pm,s1,100.93
15/2/2021 8:03:26 pm,s2,106.79
15/2/2021 8:03:30 pm,s1,100.93
15/2/2021 8:03:35 pm,s2,106.79
15/2/2021 8:03:39 pm,s1,101.91
15/2/2021 8:03:43 pm,s2,107.77
15/2/2021 8:03:47 pm,s1,100.93
15/2/2021 8:03:51 pm,s2,106.79
15/2/2021 8:03:55 pm,s1,99.95
15/2/2021 8:03:59 pm,s2,106.79
15/2/2021 8:04:04 pm,s1,102.88
15/2/2021 8:04:08 pm,s2,107.77
15/2/2021 8:04:12 pm,s1,102.88
15/2/2021 8:04:16 pm,s2,109.73
15/2/2021 8:04:20 pm,s1,103.86
15/2/2021 8:04:24 pm,s2,109.73
15/2/2021 8:04:28 pm,s1,100.93
15/2/2021 8:04:32 pm,s2,107.77
15/2/2021 8:04:36 pm,s1,100.93
15/2/2021 8:04:41 pm,s2,106.79
15/2/2021 8:04:45 pm,s1,100.93
15/2/2021 8:04:49 pm,s2,106.79
15/2/2021 8:04:53 pm,s1,102.88
15/2/2021 8:04:57 pm,s2,109.73
15/2/2021 8:05:01 pm,s1,101.91
15/2/2021 8:05:06 pm,s2,107.77
15/2/2021 8:05:10 pm,s1,101.91
15/2/2021 8:05:14 pm,s2,108.75
15/2/2021 8:05:18 pm,s1,101.91
15/2/2021 8:05:22 pm,s2,107.77
15/2/2021 8:05:26 pm,s1,101.91
15/2/2021 8:05:30 pm,s2,107.77
15/2/2021 8:05:35 pm,s1,101.91
15/2/2021 8:05:39 pm,s2,106.79
15/2/2021 8:05:43 pm,s1,103.86
15/2/2021 8:05:47 pm,s2,110.7
15/2/2021 8:05:51 pm,s1,100.93
15/2/2021 8:05:55 pm,s2,106.79
15/2/2021 8:05:59 pm,s1,100.93
15/2/2021 8:06:04 pm,s2,107.77
15/2/2021 8:06:08 pm,s1,101.91
15/2/2021 8:06:12 pm,s2,107.77
15/2/2021 8:06:16 pm,s1,101.91
15/2/2021 8:06:20 pm,s2,106.79
15/2/2021 8:06:24 pm,s1,100.93
15/2/2021 8:06:28 pm,s2,107.77
15/2/2021 8:06:32 pm,s1,99.95
15/2/2021 8:06:37 pm,s2,105.82
15/2/2021 8:06:41 pm,s1,100.93
15/2/2021 8:06:45 pm,s2,106.79
15/2/2021 8:06:49 pm,s1,103.86
15/2/2021 8:06:53 pm,s2,111.68
15/2/2021 8:06:57 pm,s1,100.93
15/2/2021 8:07:01 pm,s2,106.79
15/2/2021 8:07:05 pm,s1,101.91
15/2/2021 8:07:10 pm,s2,107.77
15/2/2021 8:07:14 pm,s1,100.93
15/2/2021 8:07:18 pm,s2,107.77
15/2/2021 8:07:22 pm,s1,101.91
15/2/2021 8:07:26 pm,s2,108.75
15/2/2021 8:07:30 pm,s1,101.91
15/2/2021 8:07:34 pm,s2,108.75
15/2/2021 8:07:38 pm,s1,101.91
15/2/2021 8:07:42 pm,s2,107.77
15/2/2021 8:07:47 pm,s1,101.91
15/2/2021 8:07:51 pm,s2,108.75
15/2/2021 8:07:55 pm,s1,102.88
15/2/2021 8:07:59 pm,s2,108.75
15/2/2021 8:08:03 pm,s1,101.91
15/2/2021 8:08:07 pm,s2,107.77
15/2/2021 8:08:12 pm,s1,102.88
15/2/2021 8:08:16 pm,s2,108.75
15/2/2021 8:08:20 pm,s1,101.91
15/2/2021 8:08:24 pm,s2,106.79
15/2/2021 8:08:28 pm,s1,102.88
15/2/2021 8:08:32 pm,s2,110.7
15/2/2021 8:08:36 pm,s1,101.91
15/2/2021 8:08:40 pm,s2,106.79
15/2/2021 8:08:45 pm,s1,102.88
15/2/2021 8:08:49 pm,s2,107.77
15/2/2021 8:08:53 pm,s1,101.91
15/2/2021 8:08:57 pm,s2,107.77
15/2/2021 8:09:01 pm,s1,101.91
15/2/2021 8:09:05 pm,s2,108.75
15/2/2021 8:09:09 pm,s1,101.91
15/2/2021 8:09:14 pm,s2,108.75
15/2/2021 8:09:18 pm,s1,99.95
15/2/2021 8:09:22 pm,s2,105.82
15/2/2021 8:09:26 pm,s1,101.91
15/2/2021 8:09:30 pm,s2,107.77
15/2/2021 8:09:34 pm,s1,101.91
15/2/2021 8:09:38 pm,s2,106.79
15/2/2021 8:09:43 pm,s1,101.91
15/2/2021 8:09:47 pm,s2,106.79
15/2/2021 8:09:51 pm,s1,103.86
15/2/2021 8:09:55 pm,s2,107.77
15/2/2021 8:09:59 pm,s1,100.93
15/2/2021 8:10:03 pm,s2,105.82
15/2/2021 8:10:07 pm,s1,101.91
15/2/2021 8:10:11 pm,s2,106.79
15/2/2021 8:10:16 pm,s1,100.93
15/2/2021 8:10:20 pm,s2,110.7
15/2/2021 8:10:24 pm,s1,101.91
15/2/2021 8:10:28 pm,s2,108.75
15/2/2021 8:10:32 pm,s1,101.91
15/2/2021 8:10:36 pm,s2,108.75
15/2/2021 8:10:40 pm,s1,101.91
15/2/2021 8:10:44 pm,s2,108.75
15/2/2021 8:10:49 pm,s1,100.93
15/2/2021 8:10:53 pm,s2,107.77
15/2/2021 8:10:57 pm,s1,101.91
15/2/2021 8:11:01 pm,s2,107.77
15/2/2021 8:11:05 pm,s1,101.91
15/2/2021 8:11:09 pm,s2,107.77
15/2/2021 8:11:13 pm,s1,101.91
15/2/2021 8:11:18 pm,s2,107.77
15/2/2021 8:11:22 pm,s1,103.86
15/2/2021 8:11:26 pm,s2,111.68
15/2/2021 8:11:30 pm,s1,99.95
15/2/2021 8:11:34 pm,s2,104.84
15/2/2021 8:11:38 pm,s1,100.93
15/2/2021 8:11:42 pm,s2,107.77
15/2/2021 8:11:46 pm,s1,101.91
15/2/2021 8:11:51 pm,s2,107.77
15/2/2021 8:11:55 pm,s1,101.91
15/2/2021 8:11:59 pm,s2,107.77
15/2/2021 8:12:03 pm,s1,101.91
15/2/2021 8:12:07 pm,s2,107.77
15/2/2021 8:12:11 pm,s1,101.91
15/2/2021 8:12:16 pm,s2,106.79
15/2/2021 8:12:20 pm,s1,102.88
15/2/2021 8:12:24 pm,s2,108.75
15/2/2021 8:12:28 pm,s1,102.88
15/2/2021 8:12:32 pm,s2,108.75
15/2/2021 8:12:36 pm,s1,102.88
15/2/2021 8:12:40 pm,s2,108.75
15/2/2021 8:12:45 pm,s1,101.91
15/2/2021 8:12:49 pm,s2,107.77
15/2/2021 8:12:53 pm,s1,102.88
15/2/2021 8:12:57 pm,s2,110.7
15/2/2021 8:13:01 pm,s1,100.93
15/2/2021 8:13:05 pm,s2,106.79
15/2/2021 8:13:09 pm,s1,101.91
15/2/2021 8:13:13 pm,s2,107.77
15/2/2021 8:13:18 pm,s1,101.91
15/2/2021 8:13:22 pm,s2,107.77
15/2/2021 8:13:26 pm,s1,99.95
15/2/2021 8:13:30 pm,s2,105.82
15/2/2021 8:13:34 pm,s1,101.91
15/2/2021 8:13:38 pm,s2,107.77
15/2/2021 8:13:42 pm,s1,101.91
15/2/2021 8:13:46 pm,s2,107.77
15/2/2021 8:13:50 pm,s1,102.88
15/2/2021 8:13:55 pm,s2,108.75
15/2/2021 8:13:59 pm,s1,102.88
15/2/2021 8:14:03 pm,s2,107.77
15/2/2021 8:14:07 pm,s1,102.88
15/2/2021 8:14:11 pm,s2,108.75
15/2/2021 8:14:15 pm,s1,101.91
15/2/2021 8:14:19 pm,s2,107.77
15/2/2021 8:14:24 pm,s1,100.93
15/2/2021 8:14:28 pm,s2,108.75
15/2/2021 8:14:32 pm,s1,102.88
15/2/2021 8:14:36 pm,s2,108.75
15/2/2021 8:14:40 pm,s1,102.88
15/2/2021 8:14:44 pm,s2,109.73
15/2/2021 8:14:48 pm,s1,103.86
15/2/2021 8:14:52 pm,s2,110.7
15/2/2021 8:14:57 pm,s1,101.91
15/2/2021 8:15:01 pm,s2,107.77
15/2/2021 8:15:05 pm,s1,99.95
15/2/2021 8:15:09 pm,s2,104.84
15/2/2021 8:15:13 pm,s1,104.84
15/2/2021 8:15:17 pm,s2,111.68
15/2/2021 8:15:21 pm,s1,102.88
15/2/2021 8:15:25 pm,s2,108.75
15/2/2021 8:15:30 pm,s1,103.86
15/2/2021 8:15:34 pm,s2,107.77
15/2/2021 8:15:38 pm,s1,102.88
15/2/2021 8:15:42 pm,s2,108.75
15/2/2021 8:15:46 pm,s1,102.88
15/2/2021 8:15:50 pm,s2,109.73
15/2/2021 8:15:55 pm,s1,102.88
15/2/2021 8:15:59 pm,s2,109.73
15/2/2021 8:16:03 pm,s1,101.91
15/2/2021 8:16:07 pm,s2,107.77
15/2/2021 8:16:11 pm,s1,100.93
15/2/2021 8:16:15 pm,s2,106.79
15/2/2021 8:16:19 pm,s1,103.86
15/2/2021 8:16:24 pm,s2,110.7
15/2/2021 8:16:28 pm,s1,104.84
15/2/2021 8:16:32 pm,s2,109.73
15/2/2021 8:16:36 pm,s1,101.91
15/2/2021 8:16:40 pm,s2,107.77
15/2/2021 8:16:44 pm,s1,102.88
15/2/2021 8:16:48 pm,s2,108.75
15/2/2021 8:16:52 pm,s1,102.88
15/2/2021 8:16:57 pm,s2,108.75
15/2/2021 8:17:01 pm,s1,100.93
15/2/2021 8:17:05 pm,s2,106.79
15/2/2021 8:17:09 pm,s1,102.88
15/2/2021 8:17:13 pm,s2,108.75
15/2/2021 8:17:17 pm,s1,102.88
15/2/2021 8:17:21 pm,s2,109.73
15/2/2021 8:17:26 pm,s1,101.91
15/2/2021 8:17:30 pm,s2,106.79
15/2/2021 8:17:34 pm,s1,101.91
15/2/2021 8:17:38 pm,s2,108.75
15/2/2021 8:17:42 pm,s1,102.88
15/2/2021 8:17:46 pm,s2,109.73
15/2/2021 8:17:50 pm,s1,101.91
15/2/2021 8:17:54 pm,s2,107.77
15/2/2021 8:17:59 pm,s1,102.88
15/2/2021 8:18:03 pm,s2,109.73
15/2/2021 8:18:07 pm,s1,104.84
15/2/2021 8:18:11 pm,s2,111.68
15/2/2021 8:18:15 pm,s1,101.91
15/2/2021 8:18:19 pm,s2,107.77
15/2/2021 8:18:23 pm,s1,102.88
15/2/2021 8:18:27 pm,s2,108.75
15/2/2021 8:18:32 pm,s1,102.88
15/2/2021 8:18:36 pm,s2,110.7
15/2/2021 8:18:40 pm,s1,102.88
15/2/2021 8:18:44 pm,s2,108.75
15/2/2021 8:18:48 pm,s1,100.93
15/2/2021 8:18:52 pm,s2,104.84
15/2/2021 8:18:56 pm,s1,102.88
15/2/2021 8:19:00 pm,s2,108.75
15/2/2021 8:19:05 pm,s1,104.84
15/2/2021 8:19:09 pm,s2,111.68
15/2/2021 8:19:13 pm,s1,102.88
15/2/2021 8:19:17 pm,s2,108.75
15/2/2021 8:19:21 pm,s1,102.88
15/2/2021 8:19:25 pm,s2,108.75
15/2/2021 8:19:29 pm,s1,105.82
15/2/2021 8:19:34 pm,s2,111.68
15/2/2021 8:19:38 pm,s1,103.86
15/2/2021 8:19:42 pm,s2,108.75
15/2/2021 8:19:46 pm,s1,102.88
15/2/2021 8:19:50 pm,s2,107.77
15/2/2021 8:19:54 pm,s1,102.88
15/2/2021 8:19:58 pm,s2,108.75
15/2/2021 8:20:03 pm,s1,101.91
15/2/2021 8:20:07 pm,s2,106.79
15/2/2021 8:20:11 pm,s1,100.93
15/2/2021 8:20:15 pm,s2,106.79
15/2/2021 8:20:19 pm,s1,101.91
15/2/2021 8:20:23 pm,s2,108.75
15/2/2021 8:20:27 pm,s1,101.91
15/2/2021 8:20:31 pm,s2,109.73
15/2/2021 8:20:36 pm,s1,102.88
15/2/2021 8:20:40 pm,s2,109.73
15/2/2021 8:20:44 pm,s1,100.93
15/2/2021 8:20:48 pm,s2,106.79
15/2/2021 8:20:52 pm,s1,102.88
15/2/2021 8:20:56 pm,s2,109.73
15/2/2021 8:21:00 pm,s1,102.88
15/2/2021 8:21:05 pm,s2,109.73
15/2/2021 8:21:09 pm,s1,102.88
15/2/2021 8:21:13 pm,s2,108.75
15/2/2021 8:21:17 pm,s1,103.86
15/2/2021 8:21:21 pm,s2,109.73
15/2/2021 8:21:25 pm,s1,104.84
15/2/2021 8:21:29 pm,s2,112.66
15/2/2021 8:21:34 pm,s1,102.88
15/2/2021 8:21:39 pm,s2,109.73
15/2/2021 8:21:43 pm,s1,101.91
15/2/2021 8:21:47 pm,s2,108.75
15/2/2021 8:21:51 pm,s1,102.88
15/2/2021 8:21:55 pm,s2,108.75
15/2/2021 8:21:59 pm,s1,101.91
15/2/2021 8:22:03 pm,s2,108.75
15/2/2021 8:22:08 pm,s1,103.86
15/2/2021 8:22:12 pm,s2,110.7
15/2/2021 8:22:16 pm,s1,103.86
15/2/2021 8:22:20 pm,s2,111.68
15/2/2021 8:22:24 pm,s1,102.88
15/2/2021 8:22:28 pm,s2,109.73
15/2/2021 8:22:32 pm,s1,100.93
15/2/2021 8:22:36 pm,s2,106.79
15/2/2021 8:22:40 pm,s1,102.88
15/2/2021 8:22:45 pm,s2,109.73
15/2/2021 8:22:49 pm,s1,102.88
15/2/2021 8:22:53 pm,s2,109.73
15/2/2021 8:22:57 pm,s1,101.91
15/2/2021 8:23:01 pm,s2,107.77
15/2/2021 8:23:05 pm,s1,100.93
15/2/2021 8:23:09 pm,s2,106.79
15/2/2021 8:23:13 pm,s1,104.84
15/2/2021 8:23:18 pm,s2,111.68
15/2/2021 8:23:22 pm,s1,101.91
15/2/2021 8:23:26 pm,s2,108.75
15/2/2021 8:23:30 pm,s1,102.88
15/2/2021 8:23:34 pm,s2,108.75
15/2/2021 8:23:38 pm,s1,103.86
15/2/2021 8:23:42 pm,s2,110.7
15/2/2021 8:23:47 pm,s1,102.88
15/2/2021 8:23:51 pm,s2,109.73
15/2/2021 8:23:55 pm,s1,103.86
15/2/2021 8:23:59 pm,s2,109.73
15/2/2021 8:24:03 pm,s1,101.91
15/2/2021 8:24:07 pm,s2,107.77
15/2/2021 8:24:11 pm,s1,102.88
15/2/2021 8:24:15 pm,s2,109.73
15/2/2021 8:24:20 pm,s1,102.88
15/2/2021 8:24:24 pm,s2,109.73
15/2/2021 8:24:28 pm,s1,101.91
15/2/2021 8:24:32 pm,s2,108.75
15/2/2021 8:24:36 pm,s1,104.84
15/2/2021 8:24:40 pm,s2,110.7
15/2/2021 8:24:44 pm,s1,100.93
15/2/2021 8:24:48 pm,s2,105.82
15/2/2021 8:24:53 pm,s1,103.86
15/2/2021 8:24:57 pm,s2,111.68
15/2/2021 8:25:01 pm,s1,102.88
15/2/2021 8:25:05 pm,s2,109.73
15/2/2021 8:25:09 pm,s1,102.88
15/2/2021 8:25:13 pm,s2,109.73
15/2/2021 8:25:17 pm,s1,100.93
15/2/2021 8:25:22 pm,s2,106.79
15/2/2021 8:25:26 pm,s1,102.88
15/2/2021 8:25:30 pm,s2,109.73
15/2/2021 8:25:34 pm,s1,102.88
15/2/2021 8:25:38 pm,s2,109.73
15/2/2021 8:25:42 pm,s1,101.91
15/2/2021 8:25:46 pm,s2,107.77
15/2/2021 8:25:50 pm,s1,102.88
15/2/2021 8:25:55 pm,s2,109.73
15/2/2021 8:25:59 pm,s1,101.91
15/2/2021 8:26:03 pm,s2,109.73
15/2/2021 8:26:07 pm,s1,102.88
15/2/2021 8:26:11 pm,s2,108.75
15/2/2021 8:26:15 pm,s1,102.88
15/2/2021 8:26:19 pm,s2,108.75
15/2/2021 8:26:23 pm,s1,103.86
15/2/2021 8:26:28 pm,s2,109.73
15/2/2021 8:26:33 pm,s1,105.82
15/2/2021 8:26:37 pm,s2,112.66
15/2/2021 8:26:41 pm,s1,102.88
15/2/2021 8:26:45 pm,s2,108.75
15/2/2021 8:26:49 pm,s1,102.88
15/2/2021 8:26:53 pm,s2,108.75
15/2/2021 8:26:58 pm,s1,102.88
15/2/2021 8:27:02 pm,s2,109.73
15/2/2021 8:27:06 pm,s1,103.86
15/2/2021 8:27:10 pm,s2,110.7
15/2/2021 8:27:14 pm,s1,101.91
15/2/2021 8:27:18 pm,s2,108.75
15/2/2021 8:27:22 pm,s1,104.84
15/2/2021 8:27:26 pm,s2,111.68
15/2/2021 8:27:31 pm,s1,104.84
15/2/2021 8:27:35 pm,s2,112.66
15/2/2021 8:27:39 pm,s1,103.86
15/2/2021 8:27:43 pm,s2,109.73
15/2/2021 8:27:47 pm,s1,103.86
15/2/2021 8:27:51 pm,s2,109.73
15/2/2021 8:27:55 pm,s1,102.88
15/2/2021 8:28:00 pm,s2,110.7
15/2/2021 8:28:04 pm,s1,103.86
15/2/2021 8:28:08 pm,s2,109.73
15/2/2021 8:28:12 pm,s1,102.88
15/2/2021 8:28:16 pm,s2,108.75
15/2/2021 8:28:20 pm,s1,102.88
15/2/2021 8:28:25 pm,s2,109.73
15/2/2021 8:28:29 pm,s1,105.82
15/2/2021 8:28:33 pm,s2,113.64
15/2/2021 8:28:37 pm,s1,103.86
15/2/2021 8:28:41 pm,s2,111.68
15/2/2021 8:28:45 pm,s1,102.88
15/2/2021 8:28:49 pm,s2,110.7
15/2/2021 8:28:54 pm,s1,102.88
15/2/2021 8:28:58 pm,s2,110.7
15/2/2021 8:29:02 pm,s1,102.88
15/2/2021 8:29:06 pm,s2,109.73
15/2/2021 8:29:10 pm,s1,102.88
15/2/2021 8:29:14 pm,s2,109.73
15/2/2021 8:29:18 pm,s1,102.88
15/2/2021 8:29:22 pm,s2,108.75
15/2/2021 8:29:27 pm,s1,102.88
15/2/2021 8:29:31 pm,s2,108.75
15/2/2021 8:29:35 pm,s1,102.88
15/2/2021 8:29:39 pm,s2,109.73
15/2/2021 8:29:43 pm,s1,103.86
15/2/2021 8:29:47 pm,s2,110.7
15/2/2021 8:29:51 pm,s1,103.86
15/2/2021 8:29:56 pm,s2,111.68
15/2/2021 8:30:00 pm,s1,102.88
15/2/2021 8:30:04 pm,s2,108.75
15/2/2021 8:30:08 pm,s1,102.88
15/2/2021 8:30:12 pm,s2,109.73
15/2/2021 8:30:16 pm,s1,102.88
15/2/2021 8:30:20 pm,s2,108.75
15/2/2021 8:30:25 pm,s1,101.91
15/2/2021 8:30:29 pm,s2,107.77
15/2/2021 8:30:33 pm,s1,102.88
15/2/2021 8:30:37 pm,s2,109.73
15/2/2021 8:30:41 pm,s1,102.88
15/2/2021 8:30:45 pm,s2,109.73
15/2/2021 8:30:49 pm,s1,104.84
15/2/2021 8:30:54 pm,s2,110.7
15/2/2021 8:30:58 pm,s1,102.88
15/2/2021 8:31:02 pm,s2,109.73
15/2/2021 8:31:06 pm,s1,103.86
15/2/2021 8:31:10 pm,s2,109.73
15/2/2021 8:31:14 pm,s1,102.88
15/2/2021 8:31:18 pm,s2,108.75
15/2/2021 8:31:23 pm,s1,102.88
15/2/2021 8:31:27 pm,s2,108.75
15/2/2021 8:31:31 pm,s1,103.86
15/2/2021 8:31:35 pm,s2,110.7
15/2/2021 8:31:39 pm,s1,102.88
15/2/2021 8:31:43 pm,s2,108.75
15/2/2021 8:31:47 pm,s1,102.88
15/2/2021 8:31:51 pm,s2,108.75
15/2/2021 8:31:56 pm,s1,102.88
15/2/2021 8:32:00 pm,s2,109.73
15/2/2021 8:32:04 pm,s1,103.86
15/2/2021 8:32:08 pm,s2,109.73
15/2/2021 8:32:12 pm,s1,102.88
15/2/2021 8:32:16 pm,s2,109.73
15/2/2021 8:32:20 pm,s1,105.82
15/2/2021 8:32:25 pm,s2,112.66
15/2/2021 8:32:29 pm,s1,101.91
15/2/2021 8:32:33 pm,s2,107.77
15/2/2021 8:32:37 pm,s1,105.82
15/2/2021 8:32:41 pm,s2,113.64
15/2/2021 8:32:45 pm,s1,103.86
15/2/2021 8:32:49 pm,s2,110.7
15/2/2021 8:32:54 pm,s1,105.82
15/2/2021 8:32:58 pm,s2,113.64
15/2/2021 8:33:02 pm,s1,104.84
15/2/2021 8:33:06 pm,s2,112.66
15/2/2021 8:33:10 pm,s1,105.82
15/2/2021 8:33:14 pm,s2,112.66
15/2/2021 8:33:19 pm,s1,101.91
15/2/2021 8:33:23 pm,s2,107.77
15/2/2021 8:33:27 pm,s1,102.88
15/2/2021 8:33:31 pm,s2,109.73
15/2/2021 8:33:35 pm,s1,102.88
15/2/2021 8:33:39 pm,s2,109.73
15/2/2021 8:33:43 pm,s1,103.86
15/2/2021 8:33:48 pm,s2,109.73
15/2/2021 8:33:52 pm,s1,103.86
15/2/2021 8:33:56 pm,s2,109.73
15/2/2021 8:34:00 pm,s1,105.82
15/2/2021 8:34:04 pm,s2,113.64
15/2/2021 8:34:08 pm,s1,101.91
15/2/2021 8:34:12 pm,s2,107.77
15/2/2021 8:34:17 pm,s1,102.88
15/2/2021 8:34:21 pm,s2,109.73
15/2/2021 8:34:25 pm,s1,105.82
15/2/2021 8:34:29 pm,s2,111.68
15/2/2021 8:34:33 pm,s1,103.86
15/2/2021 8:34:37 pm,s2,109.73
15/2/2021 8:34:41 pm,s1,101.91
15/2/2021 8:34:45 pm,s2,107.77
15/2/2021 8:34:50 pm,s1,105.82
15/2/2021 8:34:54 pm,s2,113.64
15/2/2021 8:34:58 pm,s1,103.86
15/2/2021 8:35:02 pm,s2,109.73
15/2/2021 8:35:06 pm,s1,102.88
15/2/2021 8:35:10 pm,s2,108.75
15/2/2021 8:35:14 pm,s1,98
15/2/2021 8:35:18 pm,s2,108.75
15/2/2021 8:35:23 pm,s1,98
15/2/2021 8:35:27 pm,s2,109.73
15/2/2021 8:35:31 pm,s1,97.02
15/2/2021 8:35:35 pm,s2,109.73
15/2/2021 8:35:39 pm,s1,98
15/2/2021 8:35:43 pm,s2,110.7
15/2/2021 8:35:48 pm,s1,97.02
15/2/2021 8:35:52 pm,s2,110.7
15/2/2021 8:35:56 pm,s1,96.04
15/2/2021 8:36:00 pm,s2,110.7
15/2/2021 8:36:04 pm,s1,95.06
15/2/2021 8:36:08 pm,s2,109.73
15/2/2021 8:36:12 pm,s1,95.06
15/2/2021 8:36:16 pm,s2,110.7
15/2/2021 8:36:20 pm,s1,93.11
15/2/2021 8:36:25 pm,s2,109.73
15/2/2021 8:36:29 pm,s1,93.11
15/2/2021 8:36:50 pm,s2,110.7
15/2/2021 8:36:54 pm,s1,91.15
15/2/2021 8:36:58 pm,s2,110.7
15/2/2021 8:37:03 pm,s1,93.11
15/2/2021 8:37:07 pm,s2,113.64
15/2/2021 8:37:11 pm,s1,89.2
15/2/2021 8:37:15 pm,s2,109.73
15/2/2021 8:37:19 pm,s1,83.33
15/2/2021 8:37:23 pm,s2,100.93
15/2/2021 8:37:27 pm,s1,85.29
15/2/2021 8:37:31 pm,s2,107.77
15/2/2021 8:37:36 pm,s1,85.29
15/2/2021 8:37:40 pm,s2,107.77
15/2/2021 8:37:44 pm,s1,81.38
15/2/2021 8:37:48 pm,s2,103.86
15/2/2021 8:37:52 pm,s1,81.38
15/2/2021 8:37:56 pm,s2,105.82
15/2/2021 8:38:00 pm,s1,80.4
15/2/2021 8:38:04 pm,s2,103.86
15/2/2021 8:38:09 pm,s1,78.45
15/2/2021 8:38:13 pm,s2,103.86
15/2/2021 8:38:17 pm,s1,80.4
15/2/2021 8:38:21 pm,s2,106.79
15/2/2021 8:38:25 pm,s1,79.42
