11/1/2021 5:59:58 pm,s1,31.52
11/1/2021 6:00:02 pm,s2,21.75
11/1/2021 6:00:08 pm,s1,31.52
11/1/2021 6:00:12 pm,s2,22.73
11/1/2021 6:00:18 pm,s1,32.5
11/1/2021 6:00:22 pm,s2,23.7
11/1/2021 6:00:28 pm,s1,31.52
11/1/2021 6:00:32 pm,s2,30.55
11/1/2021 6:00:39 pm,s1,31.52
11/1/2021 6:00:43 pm,s2,27.61
11/1/2021 6:00:49 pm,s1,31.52
11/1/2021 6:00:53 pm,s2,25.66
11/1/2021 6:00:59 pm,s1,31.52
11/1/2021 6:01:03 pm,s2,25.66
11/1/2021 6:01:09 pm,s1,31.52
11/1/2021 6:01:13 pm,s2,26.64
11/1/2021 6:01:19 pm,s1,31.52
11/1/2021 6:01:24 pm,s2,25.66
11/1/2021 6:01:30 pm,s1,31.52
11/1/2021 6:01:34 pm,s2,25.66
11/1/2021 6:01:40 pm,s1,31.52
11/1/2021 6:01:44 pm,s2,25.66
11/1/2021 6:01:50 pm,s1,31.52
11/1/2021 6:01:54 pm,s2,24.68
11/1/2021 6:02:00 pm,s1,31.52
11/1/2021 6:02:04 pm,s2,25.66
11/1/2021 6:02:10 pm,s1,31.52
11/1/2021 6:02:14 pm,s2,25.66
11/1/2021 6:02:21 pm,s1,32.5
11/1/2021 6:02:25 pm,s2,26.64
11/1/2021 6:02:31 pm,s1,30.55
11/1/2021 6:02:35 pm,s2,25.66
11/1/2021 6:02:41 pm,s1,30.55
11/1/2021 6:02:45 pm,s2,25.66
11/1/2021 6:02:51 pm,s1,31.52
11/1/2021 6:02:55 pm,s2,25.66
11/1/2021 6:03:01 pm,s1,31.52
11/1/2021 6:03:05 pm,s2,25.66
11/1/2021 6:03:12 pm,s1,31.52
11/1/2021 6:03:16 pm,s2,26.64
11/1/2021 6:03:22 pm,s1,30.55
11/1/2021 6:03:26 pm,s2,25.66
11/1/2021 6:03:32 pm,s1,31.52
11/1/2021 6:03:36 pm,s2,26.64
11/1/2021 6:03:42 pm,s1,31.52
11/1/2021 6:03:46 pm,s2,26.64
11/1/2021 6:03:53 pm,s1,31.52
11/1/2021 6:03:57 pm,s2,26.64
11/1/2021 6:04:03 pm,s1,31.52
11/1/2021 6:04:07 pm,s2,25.66
11/1/2021 6:04:13 pm,s1,31.52
11/1/2021 6:04:17 pm,s2,26.64
11/1/2021 6:04:23 pm,s1,31.52
11/1/2021 6:04:27 pm,s2,26.64
11/1/2021 6:04:33 pm,s1,31.52
11/1/2021 6:04:38 pm,s2,26.64
11/1/2021 6:04:44 pm,s1,30.55
11/1/2021 6:04:48 pm,s2,26.64
11/1/2021 6:04:54 pm,s1,30.55
11/1/2021 6:04:58 pm,s2,25.66
11/1/2021 6:05:04 pm,s1,31.52
11/1/2021 6:05:08 pm,s2,27.61
11/1/2021 6:05:14 pm,s1,31.52
11/1/2021 6:05:19 pm,s2,26.64
11/1/2021 6:05:25 pm,s1,31.52
11/1/2021 6:05:29 pm,s2,26.64
11/1/2021 6:05:35 pm,s1,31.52
11/1/2021 6:05:39 pm,s2,25.66
11/1/2021 6:05:45 pm,s1,31.52
11/1/2021 6:05:49 pm,s2,26.64
11/1/2021 6:05:55 pm,s1,32.5
11/1/2021 6:05:59 pm,s2,27.61
11/1/2021 6:06:06 pm,s1,31.52
11/1/2021 6:06:10 pm,s2,26.64
11/1/2021 6:06:16 pm,s1,31.52
11/1/2021 6:06:20 pm,s2,27.61
11/1/2021 6:06:26 pm,s1,31.52
11/1/2021 6:06:30 pm,s2,27.61
11/1/2021 6:06:36 pm,s1,31.52
11/1/2021 6:06:40 pm,s2,26.64
11/1/2021 6:06:46 pm,s1,32.5
11/1/2021 6:06:50 pm,s2,27.61
11/1/2021 6:06:57 pm,s1,31.52
11/1/2021 6:07:01 pm,s2,27.61
11/1/2021 6:07:07 pm,s1,32.5
11/1/2021 6:07:11 pm,s2,27.61
11/1/2021 6:07:17 pm,s1,32.5
11/1/2021 6:07:21 pm,s2,27.61
11/1/2021 6:07:27 pm,s1,31.52
11/1/2021 6:07:31 pm,s2,26.64
11/1/2021 6:07:37 pm,s1,32.5
11/1/2021 6:07:42 pm,s2,27.61
11/1/2021 6:07:48 pm,s1,31.52
11/1/2021 6:07:52 pm,s2,27.61
11/1/2021 6:07:58 pm,s1,32.5
11/1/2021 6:08:02 pm,s2,26.64
11/1/2021 6:08:08 pm,s1,32.5
11/1/2021 6:08:12 pm,s2,26.64
11/1/2021 6:08:19 pm,s1,30.55
11/1/2021 6:08:23 pm,s2,26.64
11/1/2021 6:08:29 pm,s1,31.52
11/1/2021 6:08:33 pm,s2,27.61
11/1/2021 6:08:39 pm,s1,31.52
11/1/2021 6:08:43 pm,s2,27.61
11/1/2021 6:08:49 pm,s1,30.55
11/1/2021 6:08:53 pm,s2,26.64
11/1/2021 6:08:59 pm,s1,31.52
11/1/2021 6:09:04 pm,s2,27.61
11/1/2021 6:09:10 pm,s1,31.52
11/1/2021 6:09:14 pm,s2,27.61
11/1/2021 6:09:20 pm,s1,32.5
11/1/2021 6:09:24 pm,s2,27.61
11/1/2021 6:09:30 pm,s1,31.52
11/1/2021 6:09:34 pm,s2,26.64
11/1/2021 6:09:40 pm,s1,31.52
11/1/2021 6:09:44 pm,s2,26.64
11/1/2021 6:09:50 pm,s1,32.5
11/1/2021 6:09:55 pm,s2,27.61
11/1/2021 6:10:01 pm,s1,31.52
11/1/2021 6:10:05 pm,s2,26.64
11/1/2021 6:10:11 pm,s1,32.5
11/1/2021 6:10:15 pm,s2,26.64
11/1/2021 6:10:21 pm,s1,31.52
11/1/2021 6:10:25 pm,s2,26.64
11/1/2021 6:10:31 pm,s1,32.5
11/1/2021 6:10:35 pm,s2,27.61
11/1/2021 6:10:42 pm,s1,31.52
11/1/2021 6:10:46 pm,s2,27.61
11/1/2021 6:10:52 pm,s1,31.52
11/1/2021 6:10:56 pm,s2,26.64
11/1/2021 6:13:03 pm,s1,30.55
11/1/2021 6:13:07 pm,s2,26.64
11/1/2021 6:13:13 pm,s1,33.48
11/1/2021 6:13:17 pm,s2,28.59
11/1/2021 6:13:23 pm,s1,31.52
11/1/2021 6:13:27 pm,s2,26.64
11/1/2021 6:13:33 pm,s1,32.5
11/1/2021 6:13:37 pm,s2,26.64
11/1/2021 6:13:44 pm,s1,31.52
11/1/2021 6:13:48 pm,s2,26.64
11/1/2021 6:20:39 pm,s1,35.43
11/1/2021 6:20:43 pm,s2,30.55
11/1/2021 6:20:50 pm,s1,22.73
11/1/2021 6:20:54 pm,s2,28.59
11/1/2021 6:21:00 pm,s1,25.66
11/1/2021 6:21:04 pm,s2,30.55
11/1/2021 6:21:10 pm,s1,29.57
11/1/2021 6:21:14 pm,s2,35.43
11/1/2021 6:21:21 pm,s1,26.64
11/1/2021 6:21:25 pm,s2,30.55
11/1/2021 6:21:31 pm,s1,28.59
11/1/2021 6:21:35 pm,s2,31.52
11/1/2021 6:21:41 pm,s1,25.66
11/1/2021 6:21:45 pm,s2,28.59
11/1/2021 6:21:51 pm,s1,26.64
11/1/2021 6:21:55 pm,s2,27.61
11/1/2021 6:22:01 pm,s1,29.57
11/1/2021 6:22:06 pm,s2,33.48
11/1/2021 6:22:12 pm,s1,25.66
11/1/2021 6:22:16 pm,s2,25.66
11/1/2021 6:22:22 pm,s1,32.5
11/1/2021 6:22:26 pm,s2,36.41
11/1/2021 6:22:32 pm,s1,32.5
11/1/2021 6:22:36 pm,s2,37.39
11/1/2021 6:22:42 pm,s1,35.43
11/1/2021 6:22:46 pm,s2,42.28
11/1/2021 6:22:52 pm,s1,30.55
11/1/2021 6:22:56 pm,s2,34.46
11/1/2021 6:23:02 pm,s1,31.52
11/1/2021 6:23:07 pm,s2,36.41
11/1/2021 6:23:13 pm,s1,33.48
11/1/2021 6:23:17 pm,s2,38.37
11/1/2021 6:23:23 pm,s1,27.61
11/1/2021 6:23:27 pm,s2,30.55
11/1/2021 6:23:33 pm,s1,32.5
11/1/2021 6:23:37 pm,s2,36.41
11/1/2021 6:23:43 pm,s1,31.52
11/1/2021 6:23:47 pm,s2,36.41
11/1/2021 6:23:54 pm,s1,32.5
11/1/2021 6:23:58 pm,s2,38.37
11/1/2021 6:24:04 pm,s1,32.5
11/1/2021 6:24:08 pm,s2,38.37
11/1/2021 6:24:15 pm,s1,38.37
11/1/2021 6:24:19 pm,s2,47.17
11/1/2021 6:24:25 pm,s1,32.5
11/1/2021 6:24:29 pm,s2,40.32
11/1/2021 6:24:35 pm,s1,29.57
11/1/2021 6:24:39 pm,s2,34.46
11/1/2021 6:24:45 pm,s1,34.46
11/1/2021 6:24:50 pm,s2,41.3
11/1/2021 6:24:56 pm,s1,29.57
11/1/2021 6:25:00 pm,s2,36.41
11/1/2021 6:25:06 pm,s1,33.48
11/1/2021 6:25:10 pm,s2,41.3
11/1/2021 6:25:16 pm,s1,33.48
11/1/2021 6:25:20 pm,s2,41.3
11/1/2021 6:25:26 pm,s1,33.48
11/1/2021 6:25:30 pm,s2,41.3
11/1/2021 6:25:37 pm,s1,32.5
11/1/2021 6:25:41 pm,s2,40.32
11/1/2021 6:25:47 pm,s1,36.41
11/1/2021 6:25:51 pm,s2,47.17
11/1/2021 6:25:57 pm,s1,32.5
11/1/2021 6:26:01 pm,s2,42.28
11/1/2021 6:26:07 pm,s1,35.43
11/1/2021 6:26:11 pm,s2,44.23
11/1/2021 6:26:17 pm,s1,35.43
11/1/2021 6:26:22 pm,s2,45.21
11/1/2021 6:26:28 pm,s1,33.48
11/1/2021 6:26:32 pm,s2,43.26
11/1/2021 6:26:38 pm,s1,34.46
11/1/2021 6:26:42 pm,s2,47.17
11/1/2021 6:26:48 pm,s1,33.48
11/1/2021 6:26:52 pm,s2,44.23
11/1/2021 6:26:59 pm,s1,33.48
11/1/2021 6:27:03 pm,s2,45.21
11/1/2021 6:27:09 pm,s1,33.48
11/1/2021 6:27:13 pm,s2,45.21
11/1/2021 6:27:19 pm,s1,32.5
11/1/2021 6:27:23 pm,s2,45.21
11/1/2021 6:27:29 pm,s1,36.41
11/1/2021 6:27:33 pm,s2,50.1
11/1/2021 6:27:39 pm,s1,32.5
11/1/2021 6:27:44 pm,s2,46.19
11/1/2021 6:27:50 pm,s1,33.48
11/1/2021 6:27:54 pm,s2,47.17
11/1/2021 6:28:00 pm,s1,31.52
11/1/2021 6:28:04 pm,s2,45.21
11/1/2021 6:28:10 pm,s1,34.46
11/1/2021 6:28:14 pm,s2,50.1
11/1/2021 6:28:20 pm,s1,35.43
11/1/2021 6:28:24 pm,s2,50.1
11/1/2021 6:28:31 pm,s1,33.48
11/1/2021 6:28:35 pm,s2,48.14
11/1/2021 6:28:41 pm,s1,32.5
11/1/2021 6:28:45 pm,s2,46.19
11/1/2021 6:28:51 pm,s1,33.48
11/1/2021 6:28:55 pm,s2,49.12
11/1/2021 6:29:01 pm,s1,32.5
11/1/2021 6:29:05 pm,s2,49.12
11/1/2021 6:29:11 pm,s1,31.52
11/1/2021 6:29:16 pm,s2,47.17
11/1/2021 6:29:22 pm,s1,36.41
11/1/2021 6:29:26 pm,s2,54.01
11/1/2021 6:29:32 pm,s1,32.5
11/1/2021 6:29:36 pm,s2,50.1
11/1/2021 6:29:42 pm,s1,34.46
11/1/2021 6:29:46 pm,s2,53.03
11/1/2021 6:29:52 pm,s1,33.48
11/1/2021 6:29:57 pm,s2,51.08
11/1/2021 6:30:03 pm,s1,33.48
11/1/2021 6:30:07 pm,s2,52.05
11/1/2021 6:30:13 pm,s1,30.55
11/1/2021 6:30:17 pm,s2,48.14
11/1/2021 6:30:23 pm,s1,35.43
11/1/2021 6:30:27 pm,s2,54.99
11/1/2021 6:30:33 pm,s1,32.5
11/1/2021 6:30:37 pm,s2,52.05
11/1/2021 6:30:44 pm,s1,31.52
11/1/2021 6:30:48 pm,s2,51.08
11/1/2021 6:30:54 pm,s1,32.5
11/1/2021 6:30:58 pm,s2,54.01
11/1/2021 6:31:04 pm,s1,32.5
11/1/2021 6:31:08 pm,s2,53.03
11/1/2021 6:31:14 pm,s1,33.48
11/1/2021 6:31:18 pm,s2,54.99
11/1/2021 6:31:24 pm,s1,31.52
11/1/2021 6:31:29 pm,s2,53.03
11/1/2021 6:31:35 pm,s1,34.46
11/1/2021 6:31:39 pm,s2,56.94
11/1/2021 6:31:45 pm,s1,33.48
11/1/2021 6:31:49 pm,s2,54.99
11/1/2021 6:31:55 pm,s1,32.5
11/1/2021 6:31:59 pm,s2,55.96
11/1/2021 6:32:05 pm,s1,32.5
11/1/2021 6:32:10 pm,s2,55.96
11/1/2021 6:32:16 pm,s1,33.48
11/1/2021 6:32:20 pm,s2,56.94
11/1/2021 6:32:26 pm,s1,32.5
11/1/2021 6:32:30 pm,s2,56.94
11/1/2021 6:32:36 pm,s1,32.5
11/1/2021 6:32:40 pm,s2,56.94
11/1/2021 6:32:46 pm,s1,34.46
11/1/2021 6:32:51 pm,s2,59.87
11/1/2021 6:32:57 pm,s1,30.55
11/1/2021 6:33:01 pm,s2,55.96
11/1/2021 6:33:07 pm,s1,35.43
11/1/2021 6:33:11 pm,s2,60.85
11/1/2021 6:33:17 pm,s1,34.46
11/1/2021 6:33:21 pm,s2,60.85
11/1/2021 6:33:27 pm,s1,33.48
11/1/2021 6:33:31 pm,s2,60.85
11/1/2021 6:33:37 pm,s1,34.46
11/1/2021 6:33:42 pm,s2,60.85
11/1/2021 6:33:48 pm,s1,36.41
11/1/2021 6:33:52 pm,s2,65.74
11/1/2021 6:33:58 pm,s1,33.48
11/1/2021 6:34:02 pm,s2,59.87
11/1/2021 6:34:08 pm,s1,32.5
11/1/2021 6:34:12 pm,s2,60.85
11/1/2021 6:34:18 pm,s1,34.46
11/1/2021 6:34:23 pm,s2,62.81
11/1/2021 6:34:29 pm,s1,33.48
11/1/2021 6:34:33 pm,s2,60.85
11/1/2021 6:34:39 pm,s1,34.46
11/1/2021 6:34:43 pm,s2,63.78
11/1/2021 6:34:49 pm,s1,32.5
11/1/2021 6:34:53 pm,s2,61.83
11/1/2021 6:34:59 pm,s1,32.5
11/1/2021 6:35:03 pm,s2,62.81
11/1/2021 6:35:09 pm,s1,32.5
11/1/2021 6:35:13 pm,s2,62.81
11/1/2021 6:35:20 pm,s1,32.5
11/1/2021 6:35:24 pm,s2,63.78
11/1/2021 6:35:30 pm,s1,33.48
11/1/2021 6:35:34 pm,s2,63.78
11/1/2021 6:35:40 pm,s1,33.48
11/1/2021 6:35:44 pm,s2,59.87
11/1/2021 6:35:50 pm,s1,33.48
11/1/2021 6:35:54 pm,s2,63.78
11/1/2021 6:36:00 pm,s1,32.5
11/1/2021 6:36:05 pm,s2,62.81
11/1/2021 6:36:11 pm,s1,31.52
11/1/2021 6:36:15 pm,s2,62.81
11/1/2021 6:36:21 pm,s1,37.39
11/1/2021 6:36:25 pm,s2,71.6
11/1/2021 6:36:31 pm,s1,34.46
11/1/2021 6:36:35 pm,s2,67.69
11/1/2021 6:36:41 pm,s1,33.48
11/1/2021 6:36:45 pm,s2,66.72
11/1/2021 6:36:51 pm,s1,37.39
11/1/2021 6:36:56 pm,s2,71.6
11/1/2021 6:37:02 pm,s1,36.41
11/1/2021 6:37:06 pm,s2,71.6
11/1/2021 6:37:12 pm,s1,33.48
11/1/2021 6:37:16 pm,s2,66.72
11/1/2021 6:37:22 pm,s1,34.46
11/1/2021 6:37:26 pm,s2,69.65
11/1/2021 6:37:32 pm,s1,37.39
11/1/2021 6:37:36 pm,s2,73.56
11/1/2021 6:37:42 pm,s1,31.52
11/1/2021 6:37:46 pm,s2,65.74
11/1/2021 6:37:53 pm,s1,33.48
11/1/2021 6:37:57 pm,s2,68.67
11/1/2021 6:38:03 pm,s1,33.48
11/1/2021 6:38:07 pm,s2,62.81
11/1/2021 6:38:13 pm,s1,36.41
11/1/2021 6:38:17 pm,s2,74.54
11/1/2021 6:38:23 pm,s1,34.46
11/1/2021 6:38:27 pm,s2,70.63
11/1/2021 6:38:33 pm,s1,35.43
11/1/2021 6:38:37 pm,s2,72.58
11/1/2021 6:38:43 pm,s1,35.43
11/1/2021 6:38:48 pm,s2,72.58
11/1/2021 6:38:54 pm,s1,36.41
11/1/2021 6:38:58 pm,s2,75.51
11/1/2021 6:39:04 pm,s1,35.43
11/1/2021 6:39:08 pm,s2,74.54
11/1/2021 6:39:14 pm,s1,37.39
11/1/2021 6:39:18 pm,s2,76.49
11/1/2021 6:39:24 pm,s1,35.43
11/1/2021 6:39:28 pm,s2,75.51
11/1/2021 6:39:35 pm,s1,36.41
11/1/2021 6:39:39 pm,s2,76.49
11/1/2021 6:39:45 pm,s1,33.48
11/1/2021 6:39:49 pm,s2,72.58
11/1/2021 6:39:55 pm,s1,32.5
11/1/2021 6:39:59 pm,s2,71.6
11/1/2021 6:40:05 pm,s1,33.48
11/1/2021 6:40:09 pm,s2,73.56
11/1/2021 6:40:16 pm,s1,35.43
11/1/2021 6:40:20 pm,s2,76.49
11/1/2021 6:40:26 pm,s1,36.41
11/1/2021 6:40:30 pm,s2,77.47
11/1/2021 6:40:36 pm,s1,33.48
11/1/2021 6:40:40 pm,s2,74.54
11/1/2021 6:40:46 pm,s1,35.43
11/1/2021 6:40:50 pm,s2,76.49
11/1/2021 6:40:56 pm,s1,32.5
11/1/2021 6:41:00 pm,s2,73.56
11/1/2021 6:41:07 pm,s1,36.41
11/1/2021 6:41:11 pm,s2,80.4
11/1/2021 6:41:17 pm,s1,33.48
11/1/2021 6:41:21 pm,s2,75.51
11/1/2021 6:41:27 pm,s1,31.52
11/1/2021 6:41:31 pm,s2,73.56
11/1/2021 6:41:37 pm,s1,37.39
11/1/2021 6:41:41 pm,s2,82.36
11/1/2021 6:41:47 pm,s1,33.48
11/1/2021 6:41:51 pm,s2,76.49
11/1/2021 6:41:58 pm,s1,35.43
11/1/2021 6:42:02 pm,s2,79.42
11/1/2021 6:42:08 pm,s1,34.46
11/1/2021 6:42:12 pm,s2,77.47
11/1/2021 6:42:18 pm,s1,33.48
11/1/2021 6:42:22 pm,s2,75.51
11/1/2021 6:42:28 pm,s1,36.41
11/1/2021 6:42:32 pm,s2,80.4
11/1/2021 6:42:38 pm,s1,34.46
11/1/2021 6:42:42 pm,s2,77.47
11/1/2021 6:42:48 pm,s1,33.48
11/1/2021 6:42:52 pm,s2,78.45
11/1/2021 6:42:59 pm,s1,36.41
11/1/2021 6:43:03 pm,s2,82.36
11/1/2021 6:43:09 pm,s1,33.48
11/1/2021 6:43:13 pm,s2,79.42
11/1/2021 6:43:19 pm,s1,34.46
11/1/2021 6:43:23 pm,s2,79.42
11/1/2021 6:43:29 pm,s1,35.43
11/1/2021 6:43:33 pm,s2,82.36
11/1/2021 6:43:39 pm,s1,35.43
11/1/2021 6:43:43 pm,s2,82.36
11/1/2021 6:43:50 pm,s1,33.48
11/1/2021 6:43:54 pm,s2,80.4
11/1/2021 6:44:00 pm,s1,37.39
11/1/2021 6:44:04 pm,s2,86.27
11/1/2021 6:44:10 pm,s1,37.39
11/1/2021 6:44:14 pm,s2,86.27
11/1/2021 6:44:20 pm,s1,33.48
11/1/2021 6:44:24 pm,s2,80.4
11/1/2021 6:44:30 pm,s1,33.48
11/1/2021 6:44:35 pm,s2,82.36
11/1/2021 6:44:41 pm,s1,35.43
11/1/2021 6:44:45 pm,s2,84.31
11/1/2021 6:44:51 pm,s1,34.46
11/1/2021 6:44:55 pm,s2,84.31
11/1/2021 6:45:01 pm,s1,33.48
11/1/2021 6:45:05 pm,s2,83.33
11/1/2021 6:45:11 pm,s1,33.48
11/1/2021 6:45:16 pm,s2,83.33
11/1/2021 6:45:22 pm,s1,34.46
11/1/2021 6:45:26 pm,s2,85.29
11/1/2021 6:45:32 pm,s1,34.46
11/1/2021 6:45:36 pm,s2,84.31
11/1/2021 6:45:42 pm,s1,35.43
11/1/2021 6:45:46 pm,s2,87.24
11/1/2021 6:45:52 pm,s1,33.48
11/1/2021 6:45:56 pm,s2,78.45
11/1/2021 6:46:02 pm,s1,35.43
11/1/2021 6:46:07 pm,s2,87.24
11/1/2021 6:46:13 pm,s1,34.46
11/1/2021 6:46:17 pm,s2,85.29
11/1/2021 6:46:23 pm,s1,34.46
11/1/2021 6:46:27 pm,s2,87.24
11/1/2021 6:46:33 pm,s1,33.48
11/1/2021 6:46:37 pm,s2,86.27
11/1/2021 6:46:43 pm,s1,35.43
11/1/2021 6:46:47 pm,s2,90.18
11/1/2021 6:46:53 pm,s1,35.43
11/1/2021 6:46:58 pm,s2,89.2
11/1/2021 6:47:04 pm,s1,36.41
11/1/2021 6:47:08 pm,s2,90.18
11/1/2021 6:47:14 pm,s1,37.39
11/1/2021 6:47:18 pm,s2,91.15
11/1/2021 6:47:24 pm,s1,33.48
11/1/2021 6:47:28 pm,s2,84.31
11/1/2021 6:47:34 pm,s1,33.48
11/1/2021 6:47:39 pm,s2,88.22
11/1/2021 6:47:45 pm,s1,36.41
11/1/2021 6:47:49 pm,s2,91.15
11/1/2021 6:47:55 pm,s1,35.43
11/1/2021 6:47:59 pm,s2,92.13
11/1/2021 6:48:05 pm,s1,34.46
11/1/2021 6:48:09 pm,s2,90.18
11/1/2021 6:48:15 pm,s1,36.41
11/1/2021 6:48:19 pm,s2,93.11
11/1/2021 6:48:26 pm,s1,36.41
11/1/2021 6:48:30 pm,s2,93.11
11/1/2021 6:48:36 pm,s1,36.41
11/1/2021 6:48:40 pm,s2,92.13
11/1/2021 6:48:46 pm,s1,35.43
11/1/2021 6:48:50 pm,s2,89.2
11/1/2021 6:48:56 pm,s1,36.41
11/1/2021 6:49:00 pm,s2,94.09
11/1/2021 6:49:06 pm,s1,36.41
11/1/2021 6:49:11 pm,s2,94.09
11/1/2021 6:49:17 pm,s1,34.46
11/1/2021 6:49:21 pm,s2,90.18
11/1/2021 6:49:27 pm,s1,37.39
11/1/2021 6:49:31 pm,s2,95.06
11/1/2021 6:49:37 pm,s1,76.49
11/1/2021 6:49:44 pm,s2,91.15
11/1/2021 6:49:50 pm,s1,85.29
11/1/2021 6:49:54 pm,s2,96.04
11/1/2021 6:50:00 pm,s1,84.31
11/1/2021 6:50:04 pm,s2,92.13
11/1/2021 6:50:10 pm,s1,86.27
11/1/2021 6:50:15 pm,s2,93.11
11/1/2021 6:50:21 pm,s1,88.22
11/1/2021 6:50:25 pm,s2,95.06
11/1/2021 6:50:31 pm,s1,85.29
11/1/2021 6:50:35 pm,s2,91.15
11/1/2021 6:50:41 pm,s1,89.2
11/1/2021 6:50:45 pm,s2,94.09
11/1/2021 6:50:51 pm,s1,89.2
11/1/2021 6:50:55 pm,s2,85.29
11/1/2021 6:51:01 pm,s1,89.2
11/1/2021 6:51:05 pm,s2,92.13
11/1/2021 6:51:11 pm,s1,87.24
11/1/2021 6:51:16 pm,s2,93.11
11/1/2021 6:51:22 pm,s1,85.29
11/1/2021 6:51:26 pm,s2,93.11
11/1/2021 6:51:32 pm,s1,87.24
11/1/2021 6:51:36 pm,s2,91.15
11/1/2021 6:51:42 pm,s1,86.27
11/1/2021 6:51:46 pm,s2,93.11
11/1/2021 6:51:52 pm,s1,86.27
11/1/2021 6:51:56 pm,s2,93.11
11/1/2021 6:52:02 pm,s1,86.27
11/1/2021 6:52:06 pm,s2,93.11
11/1/2021 6:52:12 pm,s1,86.27
11/1/2021 6:52:17 pm,s2,93.11
11/1/2021 6:52:23 pm,s1,87.24
11/1/2021 6:52:27 pm,s2,95.06
11/1/2021 6:52:33 pm,s1,85.29
11/1/2021 6:52:37 pm,s2,93.11
11/1/2021 6:52:43 pm,s1,88.22
11/1/2021 6:52:47 pm,s2,97.02
11/1/2021 6:52:53 pm,s1,88.22
11/1/2021 6:52:57 pm,s2,90.18
11/1/2021 6:53:03 pm,s1,83.33
11/1/2021 6:53:08 pm,s2,94.09
11/1/2021 6:53:14 pm,s1,84.31
11/1/2021 6:53:18 pm,s2,94.09
11/1/2021 6:53:24 pm,s1,85.29
11/1/2021 6:53:28 pm,s2,94.09
11/1/2021 6:53:34 pm,s1,85.29
11/1/2021 6:53:38 pm,s2,94.09
11/1/2021 6:53:44 pm,s1,85.29
11/1/2021 6:53:48 pm,s2,89.2
11/1/2021 6:53:54 pm,s1,86.27
11/1/2021 6:53:59 pm,s2,97.02
11/1/2021 6:54:05 pm,s1,83.33
11/1/2021 6:54:09 pm,s2,95.06
11/1/2021 6:54:15 pm,s1,81.38
11/1/2021 6:54:19 pm,s2,94.09
11/1/2021 6:54:25 pm,s1,80.4
11/1/2021 6:54:29 pm,s2,93.11
11/1/2021 6:54:35 pm,s1,86.27
11/1/2021 6:54:39 pm,s2,93.11
11/1/2021 6:54:45 pm,s1,87.24
11/1/2021 6:54:49 pm,s2,95.06
11/1/2021 6:54:56 pm,s1,85.29
11/1/2021 6:55:00 pm,s2,91.15
11/1/2021 6:55:06 pm,s1,87.24
11/1/2021 6:55:10 pm,s2,87.24
11/1/2021 6:55:16 pm,s1,88.22
11/1/2021 6:55:20 pm,s2,95.06
11/1/2021 6:55:26 pm,s1,87.24
11/1/2021 6:55:30 pm,s2,93.11
11/1/2021 6:55:36 pm,s1,87.24
11/1/2021 6:55:41 pm,s2,94.09
11/1/2021 6:55:47 pm,s1,88.22
11/1/2021 6:55:51 pm,s2,95.06
11/1/2021 6:55:57 pm,s1,88.22
11/1/2021 6:56:01 pm,s2,91.15
11/1/2021 6:56:07 pm,s1,89.2
11/1/2021 6:56:11 pm,s2,93.11
11/1/2021 6:56:17 pm,s1,87.24
11/1/2021 6:56:21 pm,s2,94.09
11/1/2021 6:56:28 pm,s1,86.27
11/1/2021 6:56:32 pm,s2,91.15
11/1/2021 6:56:38 pm,s1,85.29
11/1/2021 6:56:42 pm,s2,90.18
11/1/2021 6:56:48 pm,s1,89.2
11/1/2021 6:56:52 pm,s2,96.04
11/1/2021 6:56:58 pm,s1,90.18
11/1/2021 6:57:02 pm,s2,97.02
11/1/2021 6:57:08 pm,s1,89.2
11/1/2021 6:57:13 pm,s2,95.06
11/1/2021 6:57:19 pm,s1,88.22
11/1/2021 6:57:23 pm,s2,94.09
11/1/2021 6:57:29 pm,s1,87.24
11/1/2021 6:57:33 pm,s2,95.06
11/1/2021 6:57:39 pm,s1,88.22
11/1/2021 6:57:43 pm,s2,93.11
11/1/2021 6:57:49 pm,s1,88.22
11/1/2021 6:57:53 pm,s2,86.27
11/1/2021 6:57:59 pm,s1,89.2
11/1/2021 6:58:04 pm,s2,85.29
11/1/2021 6:58:10 pm,s1,88.22
11/1/2021 6:58:14 pm,s2,95.06
11/1/2021 6:58:20 pm,s1,86.27
11/1/2021 6:58:24 pm,s2,91.15
11/1/2021 6:58:30 pm,s1,88.22
11/1/2021 6:58:34 pm,s2,94.09
11/1/2021 6:58:40 pm,s1,88.22
11/1/2021 6:58:44 pm,s2,91.15
11/1/2021 6:58:50 pm,s1,89.2
11/1/2021 6:58:55 pm,s2,95.06
11/1/2021 6:59:01 pm,s1,89.2
11/1/2021 6:59:05 pm,s2,95.06
11/1/2021 6:59:11 pm,s1,90.18
11/1/2021 6:59:15 pm,s2,98
11/1/2021 6:59:21 pm,s1,89.2
11/1/2021 6:59:25 pm,s2,95.06
11/1/2021 6:59:31 pm,s1,88.22
11/1/2021 6:59:35 pm,s2,94.09
11/1/2021 6:59:41 pm,s1,90.18
11/1/2021 6:59:46 pm,s2,96.04
11/1/2021 6:59:52 pm,s1,88.22
11/1/2021 6:59:56 pm,s2,95.06
11/1/2021 7:00:02 pm,s1,90.18
11/1/2021 7:00:06 pm,s2,97.02
11/1/2021 7:00:12 pm,s1,88.22
11/1/2021 7:00:16 pm,s2,93.11
11/1/2021 7:00:22 pm,s1,88.22
11/1/2021 7:00:27 pm,s2,94.09
11/1/2021 7:00:33 pm,s1,88.22
11/1/2021 7:00:37 pm,s2,94.09
11/1/2021 7:00:43 pm,s1,89.2
11/1/2021 7:00:47 pm,s2,95.06
11/1/2021 7:00:53 pm,s1,88.22
11/1/2021 7:00:57 pm,s2,93.11
11/1/2021 7:01:03 pm,s1,88.22
11/1/2021 7:01:07 pm,s2,95.06
11/1/2021 7:01:13 pm,s1,90.18
11/1/2021 7:01:20 pm,s2,87.24
11/1/2021 7:01:26 pm,s1,90.18
11/1/2021 7:01:30 pm,s2,95.06
11/1/2021 7:01:36 pm,s1,88.22
11/1/2021 7:01:41 pm,s2,95.06
11/1/2021 7:01:47 pm,s1,87.24
11/1/2021 7:01:51 pm,s2,92.13
11/1/2021 7:01:57 pm,s1,87.24
11/1/2021 7:02:01 pm,s2,92.13
11/1/2021 7:02:07 pm,s1,88.22
11/1/2021 7:02:12 pm,s2,94.09
11/1/2021 7:02:18 pm,s1,86.27
11/1/2021 7:02:22 pm,s2,90.18
11/1/2021 7:02:28 pm,s1,87.24
11/1/2021 7:02:32 pm,s2,91.15
11/1/2021 7:02:38 pm,s1,90.18
11/1/2021 7:02:42 pm,s2,95.06
11/1/2021 7:02:48 pm,s1,90.18
11/1/2021 7:02:52 pm,s2,95.06
11/1/2021 7:02:58 pm,s1,89.2
11/1/2021 7:03:02 pm,s2,95.06
11/1/2021 7:03:09 pm,s1,87.24
11/1/2021 7:03:13 pm,s2,92.13
11/1/2021 7:03:19 pm,s1,90.18
11/1/2021 7:03:23 pm,s2,96.04
11/1/2021 7:03:29 pm,s1,90.18
11/1/2021 7:03:33 pm,s2,87.24
11/1/2021 7:03:39 pm,s1,87.24
11/1/2021 7:03:43 pm,s2,92.13
11/1/2021 7:03:49 pm,s1,90.18
11/1/2021 7:03:53 pm,s2,90.18
11/1/2021 7:04:00 pm,s1,91.15
11/1/2021 7:04:04 pm,s2,97.02
11/1/2021 7:04:10 pm,s1,89.2
11/1/2021 7:04:14 pm,s2,95.06
11/1/2021 7:04:20 pm,s1,86.27
11/1/2021 7:04:24 pm,s2,92.13
11/1/2021 7:04:30 pm,s1,89.2
11/1/2021 7:04:34 pm,s2,95.06
11/1/2021 7:04:40 pm,s1,89.2
11/1/2021 7:04:44 pm,s2,95.06
11/1/2021 7:04:51 pm,s1,88.22
11/1/2021 7:04:55 pm,s2,94.09
11/1/2021 7:05:01 pm,s1,87.24
11/1/2021 7:05:05 pm,s2,93.11
11/1/2021 7:05:11 pm,s1,87.24
11/1/2021 7:05:15 pm,s2,92.13
11/1/2021 7:05:21 pm,s1,91.15
11/1/2021 7:05:25 pm,s2,97.02
11/1/2021 7:05:32 pm,s1,90.18
11/1/2021 7:05:36 pm,s2,97.02
11/1/2021 7:05:42 pm,s1,89.2
11/1/2021 7:05:46 pm,s2,95.06
11/1/2021 7:05:52 pm,s1,91.15
11/1/2021 7:05:56 pm,s2,90.18
11/1/2021 7:06:02 pm,s1,88.22
11/1/2021 7:06:06 pm,s2,93.11
11/1/2021 7:06:12 pm,s1,91.15
11/1/2021 7:06:17 pm,s2,98
11/1/2021 7:06:23 pm,s1,89.2
11/1/2021 7:06:27 pm,s2,95.06
11/1/2021 7:06:33 pm,s1,91.15
11/1/2021 7:06:37 pm,s2,97.02
11/1/2021 7:06:43 pm,s1,90.18
11/1/2021 7:06:47 pm,s2,95.06
11/1/2021 7:06:53 pm,s1,89.2
11/1/2021 7:06:58 pm,s2,95.06
11/1/2021 7:07:04 pm,s1,89.2
11/1/2021 7:07:08 pm,s2,94.09
11/1/2021 7:07:14 pm,s1,90.18
11/1/2021 7:07:18 pm,s2,96.04
11/1/2021 7:07:24 pm,s1,92.13
11/1/2021 7:07:28 pm,s2,98
11/1/2021 7:07:34 pm,s1,88.22
11/1/2021 7:07:38 pm,s2,93.11
11/1/2021 7:07:44 pm,s1,92.13
11/1/2021 7:07:48 pm,s2,98
11/1/2021 7:07:54 pm,s1,89.2
11/1/2021 7:07:59 pm,s2,93.11
11/1/2021 7:08:05 pm,s1,89.2
11/1/2021 7:08:09 pm,s2,94.09
11/1/2021 7:08:15 pm,s1,89.2
11/1/2021 7:08:19 pm,s2,95.06
11/1/2021 7:08:25 pm,s1,89.2
11/1/2021 7:08:29 pm,s2,94.09
11/1/2021 7:08:35 pm,s1,89.2
11/1/2021 7:08:40 pm,s2,94.09
11/1/2021 7:08:46 pm,s1,89.2
11/1/2021 7:08:50 pm,s2,92.13
11/1/2021 7:08:56 pm,s1,91.15
11/1/2021 7:09:00 pm,s2,98
11/1/2021 7:09:06 pm,s1,90.18
11/1/2021 7:09:10 pm,s2,96.04
11/1/2021 7:09:16 pm,s1,92.13
11/1/2021 7:09:21 pm,s2,98.97
11/1/2021 7:09:27 pm,s1,89.2
11/1/2021 7:09:31 pm,s2,93.11
11/1/2021 7:09:37 pm,s1,90.18
11/1/2021 7:09:41 pm,s2,95.06
11/1/2021 7:09:47 pm,s1,91.15
11/1/2021 7:09:51 pm,s2,88.22
11/1/2021 7:09:57 pm,s1,89.2
11/1/2021 7:10:01 pm,s2,94.09
11/1/2021 7:10:07 pm,s1,89.2
11/1/2021 7:10:11 pm,s2,94.09
11/1/2021 7:10:18 pm,s1,91.15
11/1/2021 7:10:22 pm,s2,98
11/1/2021 7:10:28 pm,s1,88.22
11/1/2021 7:10:32 pm,s2,91.15
11/1/2021 7:10:38 pm,s1,90.18
11/1/2021 7:10:42 pm,s2,96.04
11/1/2021 7:10:48 pm,s1,91.15
11/1/2021 7:10:52 pm,s2,96.04
11/1/2021 7:10:58 pm,s1,90.18
11/1/2021 7:11:02 pm,s2,92.13
11/1/2021 7:11:08 pm,s1,89.2
11/1/2021 7:11:12 pm,s2,94.09
11/1/2021 7:11:19 pm,s1,89.2
11/1/2021 7:11:23 pm,s2,94.09
11/1/2021 7:11:29 pm,s1,91.15
11/1/2021 7:11:33 pm,s2,96.04
11/1/2021 7:11:39 pm,s1,90.18
11/1/2021 7:11:43 pm,s2,95.06
11/1/2021 7:11:49 pm,s1,90.18
11/1/2021 7:11:53 pm,s2,96.04
11/1/2021 7:12:00 pm,s1,89.2
11/1/2021 7:12:04 pm,s2,94.09
11/1/2021 7:12:10 pm,s1,89.2
11/1/2021 7:12:14 pm,s2,93.11
11/1/2021 7:12:20 pm,s1,91.15
11/1/2021 7:12:24 pm,s2,96.04
11/1/2021 7:12:30 pm,s1,91.15
11/1/2021 7:12:34 pm,s2,96.04
11/1/2021 7:12:40 pm,s1,90.18
11/1/2021 7:12:44 pm,s2,96.04
11/1/2021 7:12:51 pm,s1,89.2
11/1/2021 7:12:55 pm,s2,93.11
11/1/2021 7:13:01 pm,s1,92.13
11/1/2021 7:13:05 pm,s2,97.02
11/1/2021 7:13:11 pm,s1,90.18
11/1/2021 7:13:15 pm,s2,94.09
11/1/2021 7:13:21 pm,s1,90.18
11/1/2021 7:13:25 pm,s2,94.09
11/1/2021 7:13:31 pm,s1,89.2
11/1/2021 7:13:35 pm,s2,92.13
11/1/2021 7:13:42 pm,s1,91.15
11/1/2021 7:13:46 pm,s2,96.04
11/1/2021 7:13:52 pm,s1,90.18
11/1/2021 7:13:56 pm,s2,94.09
11/1/2021 7:14:02 pm,s1,90.18
11/1/2021 7:14:06 pm,s2,95.06
11/1/2021 7:14:13 pm,s1,90.18
11/1/2021 7:14:17 pm,s2,94.09
11/1/2021 7:14:23 pm,s1,91.15
11/1/2021 7:14:27 pm,s2,96.04
11/1/2021 7:14:33 pm,s1,92.13
11/1/2021 7:14:37 pm,s2,98
11/1/2021 7:14:43 pm,s1,93.11
11/1/2021 7:14:47 pm,s2,98
11/1/2021 7:14:53 pm,s1,90.18
11/1/2021 7:14:57 pm,s2,94.09
11/1/2021 7:15:03 pm,s1,90.18
11/1/2021 7:15:08 pm,s2,95.06
11/1/2021 7:15:14 pm,s1,91.15
11/1/2021 7:15:18 pm,s2,96.04
11/1/2021 7:15:24 pm,s1,91.15
11/1/2021 7:15:28 pm,s2,96.04
11/1/2021 7:15:34 pm,s1,91.15
11/1/2021 7:15:38 pm,s2,95.06
11/1/2021 7:15:44 pm,s1,91.15
11/1/2021 7:15:48 pm,s2,97.02
11/1/2021 7:15:54 pm,s1,89.2
11/1/2021 7:15:59 pm,s2,92.13
11/1/2021 7:16:05 pm,s1,92.13
11/1/2021 7:16:09 pm,s2,88.22
11/1/2021 7:16:15 pm,s1,90.18
11/1/2021 7:16:19 pm,s2,94.09
11/1/2021 7:16:25 pm,s1,93.11
11/1/2021 7:16:32 pm,s2,98.97
11/1/2021 7:16:38 pm,s1,89.2
11/1/2021 7:16:43 pm,s2,93.11
11/1/2021 7:16:49 pm,s1,92.13
11/1/2021 7:16:54 pm,s2,98
11/1/2021 7:17:00 pm,s1,90.18
11/1/2021 7:17:04 pm,s2,91.15
11/1/2021 7:17:10 pm,s1,90.18
11/1/2021 7:17:14 pm,s2,95.06
11/1/2021 7:17:20 pm,s1,91.15
11/1/2021 7:17:24 pm,s2,96.04
11/1/2021 7:17:30 pm,s1,90.18
11/1/2021 7:17:35 pm,s2,93.11
11/1/2021 7:17:41 pm,s1,92.13
11/1/2021 7:17:45 pm,s2,98.97
11/1/2021 7:17:51 pm,s1,93.11
11/1/2021 7:17:55 pm,s2,98.97
11/1/2021 7:18:01 pm,s1,90.18
11/1/2021 7:18:05 pm,s2,94.09
11/1/2021 7:18:11 pm,s1,91.15
11/1/2021 7:18:15 pm,s2,96.04
11/1/2021 7:18:21 pm,s1,91.15
11/1/2021 7:18:26 pm,s2,96.04
11/1/2021 7:18:32 pm,s1,90.18
11/1/2021 7:18:36 pm,s2,95.06
11/1/2021 7:18:42 pm,s1,89.2
11/1/2021 7:18:46 pm,s2,94.09
11/1/2021 7:18:52 pm,s1,90.18
11/1/2021 7:18:56 pm,s2,94.09
11/1/2021 7:19:02 pm,s1,92.13
11/1/2021 7:19:07 pm,s2,98
11/1/2021 7:19:13 pm,s1,91.15
11/1/2021 7:19:17 pm,s2,96.04
11/1/2021 7:19:23 pm,s1,89.2
11/1/2021 7:19:27 pm,s2,94.09
11/1/2021 7:19:33 pm,s1,90.18
11/1/2021 7:19:37 pm,s2,94.09
11/1/2021 7:19:43 pm,s1,92.13
11/1/2021 7:19:47 pm,s2,98
11/1/2021 7:19:53 pm,s1,91.15
11/1/2021 7:19:58 pm,s2,96.04
11/1/2021 7:20:04 pm,s1,89.2
11/1/2021 7:20:08 pm,s2,93.11
11/1/2021 7:20:14 pm,s1,89.2
11/1/2021 7:20:18 pm,s2,95.06
11/1/2021 7:20:24 pm,s1,90.18
11/1/2021 7:20:28 pm,s2,95.06
11/1/2021 7:20:34 pm,s1,88.22
11/1/2021 7:20:38 pm,s2,93.11
11/1/2021 7:20:44 pm,s1,92.13
11/1/2021 7:20:49 pm,s2,97.02
11/1/2021 7:20:55 pm,s1,93.11
11/1/2021 7:20:59 pm,s2,98.97
11/1/2021 7:21:05 pm,s1,89.2
11/1/2021 7:21:09 pm,s2,93.11
11/1/2021 7:21:15 pm,s1,91.15
11/1/2021 7:21:19 pm,s2,96.04
11/1/2021 7:21:26 pm,s1,91.15
11/1/2021 7:21:30 pm,s2,97.02
11/1/2021 7:21:36 pm,s1,89.2
11/1/2021 7:21:40 pm,s2,94.09
11/1/2021 7:21:46 pm,s1,90.18
11/1/2021 7:21:50 pm,s2,97.02
11/1/2021 7:21:56 pm,s1,91.15
11/1/2021 7:22:00 pm,s2,96.04
11/1/2021 7:22:06 pm,s1,91.15
11/1/2021 7:22:11 pm,s2,96.04
11/1/2021 7:22:17 pm,s1,91.15
11/1/2021 7:22:21 pm,s2,97.02
11/1/2021 7:22:27 pm,s1,91.15
11/1/2021 7:22:31 pm,s2,96.04
11/1/2021 7:22:37 pm,s1,91.15
11/1/2021 7:22:41 pm,s2,96.04
11/1/2021 7:22:47 pm,s1,91.15
11/1/2021 7:22:51 pm,s2,96.04
11/1/2021 7:22:58 pm,s1,88.22
11/1/2021 7:23:02 pm,s2,93.11
11/1/2021 7:23:08 pm,s1,93.11
11/1/2021 7:23:12 pm,s2,98.97
11/1/2021 7:23:18 pm,s1,92.13
11/1/2021 7:23:22 pm,s2,97.02
11/1/2021 7:23:28 pm,s1,91.15
11/1/2021 7:23:32 pm,s2,94.09
11/1/2021 7:23:38 pm,s1,91.15
11/1/2021 7:23:42 pm,s2,96.04
11/1/2021 7:23:49 pm,s1,94.09
11/1/2021 7:23:53 pm,s2,98.97
11/1/2021 7:23:59 pm,s1,91.15
11/1/2021 7:24:03 pm,s2,97.02
11/1/2021 7:24:09 pm,s1,89.2
11/1/2021 7:24:13 pm,s2,94.09
11/1/2021 7:24:19 pm,s1,89.2
11/1/2021 7:24:23 pm,s2,94.09
11/1/2021 7:24:29 pm,s1,89.2
11/1/2021 7:24:33 pm,s2,93.11
11/1/2021 7:24:39 pm,s1,89.2
11/1/2021 7:24:43 pm,s2,93.11
11/1/2021 7:24:49 pm,s1,91.15
11/1/2021 7:24:54 pm,s2,95.06
11/1/2021 7:25:00 pm,s1,90.18
11/1/2021 7:25:04 pm,s2,97.02
11/1/2021 7:25:10 pm,s1,90.18
11/1/2021 7:25:14 pm,s2,93.11
11/1/2021 7:51:07 pm,s1,98.97
11/1/2021 7:51:11 pm,s2,102.88
11/1/2021 7:51:17 pm,s1,98.97
11/1/2021 7:51:21 pm,s2,102.88
11/1/2021 7:51:27 pm,s1,98.97
11/1/2021 7:51:31 pm,s2,101.91
11/1/2021 7:51:37 pm,s1,98.97
11/1/2021 7:51:41 pm,s2,101.91
11/1/2021 7:51:48 pm,s1,98
11/1/2021 7:51:52 pm,s2,102.88
11/1/2021 7:51:58 pm,s1,97.02
11/1/2021 7:52:02 pm,s2,98.97
11/1/2021 7:52:08 pm,s1,98.97
11/1/2021 7:52:12 pm,s2,102.88
11/1/2021 7:52:18 pm,s1,98.97
11/1/2021 7:52:23 pm,s2,101.91
11/1/2021 7:52:29 pm,s1,98
11/1/2021 7:52:33 pm,s2,101.91
11/1/2021 7:52:39 pm,s1,97.02
11/1/2021 7:52:43 pm,s2,102.88
11/1/2021 7:52:49 pm,s1,95.06
11/1/2021 7:52:53 pm,s2,98.97
11/1/2021 7:52:59 pm,s1,94.09
11/1/2021 7:53:03 pm,s2,100.93
11/1/2021 7:53:09 pm,s1,93.11
11/1/2021 7:53:14 pm,s2,102.88
11/1/2021 7:53:20 pm,s1,92.13
11/1/2021 7:53:24 pm,s2,100.93
11/1/2021 7:53:30 pm,s1,92.13
11/1/2021 7:53:34 pm,s2,101.91
11/1/2021 7:53:40 pm,s1,91.15
11/1/2021 7:53:44 pm,s2,101.91
11/1/2021 7:53:50 pm,s1,90.18
11/1/2021 7:53:55 pm,s2,102.88
11/1/2021 7:54:01 pm,s1,88.22
11/1/2021 7:54:05 pm,s2,96.04
11/1/2021 7:54:11 pm,s1,87.24
11/1/2021 7:54:15 pm,s2,100.93
11/1/2021 7:54:21 pm,s1,87.24
11/1/2021 7:54:25 pm,s2,100.93
11/1/2021 7:54:32 pm,s1,86.27
11/1/2021 7:54:36 pm,s2,100.93
11/1/2021 7:54:42 pm,s1,89.2
11/1/2021 7:54:46 pm,s2,104.84
11/1/2021 7:54:52 pm,s1,82.36
11/1/2021 7:54:56 pm,s2,101.91
11/1/2021 7:55:02 pm,s1,80.4
11/1/2021 7:55:06 pm,s2,97.02
11/1/2021 7:55:12 pm,s1,83.33
11/1/2021 7:55:17 pm,s2,101.91
11/1/2021 7:55:23 pm,s1,81.38
11/1/2021 7:55:27 pm,s2,101.91
11/1/2021 7:55:33 pm,s1,78.45
11/1/2021 7:55:37 pm,s2,98.97
11/1/2021 7:55:43 pm,s1,78.45
11/1/2021 7:55:50 pm,s2,99.95
11/1/2021 7:55:56 pm,s1,81.38
11/1/2021 7:56:00 pm,s2,101.91
11/1/2021 7:56:06 pm,s1,77.47
11/1/2021 7:56:10 pm,s2,101.91
11/1/2021 7:56:17 pm,s1,77.47
11/1/2021 7:56:21 pm,s2,97.02
11/1/2021 7:56:27 pm,s1,76.49
11/1/2021 7:56:31 pm,s2,100.93
11/1/2021 7:56:37 pm,s1,75.51
11/1/2021 7:56:41 pm,s2,99.95
11/1/2021 7:56:47 pm,s1,73.56
11/1/2021 7:56:51 pm,s2,100.93
11/1/2021 7:56:57 pm,s1,75.51
11/1/2021 7:57:02 pm,s2,100.93
11/1/2021 7:57:08 pm,s1,75.51
11/1/2021 7:57:12 pm,s2,101.91
11/1/2021 7:57:18 pm,s1,72.58
11/1/2021 7:57:22 pm,s2,99.95
11/1/2021 7:57:28 pm,s1,72.58
11/1/2021 7:57:32 pm,s2,100.93
11/1/2021 7:57:38 pm,s1,72.58
11/1/2021 7:57:42 pm,s2,100.93
11/1/2021 7:57:49 pm,s1,70.63
11/1/2021 7:57:53 pm,s2,100.93
11/1/2021 7:57:59 pm,s1,71.6
11/1/2021 7:58:03 pm,s2,101.91
11/1/2021 7:58:09 pm,s1,70.63
11/1/2021 7:58:13 pm,s2,100.93
11/1/2021 7:58:19 pm,s1,69.65
11/1/2021 7:58:23 pm,s2,100.93
11/1/2021 7:58:29 pm,s1,69.65
11/1/2021 7:58:33 pm,s2,100.93
11/1/2021 7:58:40 pm,s1,69.65
11/1/2021 7:58:44 pm,s2,99.95
11/1/2021 7:58:50 pm,s1,67.69
11/1/2021 7:58:54 pm,s2,99.95
11/1/2021 7:59:00 pm,s1,67.69
11/1/2021 7:59:04 pm,s2,98.97
11/1/2021 7:59:10 pm,s1,66.72
11/1/2021 7:59:14 pm,s2,99.95
11/1/2021 7:59:20 pm,s1,66.72
11/1/2021 7:59:24 pm,s2,100.93
11/1/2021 7:59:30 pm,s1,65.74
11/1/2021 7:59:35 pm,s2,98.97
11/1/2021 7:59:41 pm,s1,65.74
11/1/2021 7:59:45 pm,s2,98.97
11/1/2021 7:59:51 pm,s1,66.72
11/1/2021 7:59:55 pm,s2,99.95
11/1/2021 8:00:01 pm,s1,65.74
11/1/2021 8:00:05 pm,s2,100.93
11/1/2021 8:00:11 pm,s1,65.74
11/1/2021 8:00:15 pm,s2,99.95
11/1/2021 8:00:22 pm,s1,64.76
11/1/2021 8:00:26 pm,s2,99.95
11/1/2021 8:00:32 pm,s1,64.76
11/1/2021 8:00:36 pm,s2,101.91
11/1/2021 8:00:42 pm,s1,63.78
11/1/2021 8:00:46 pm,s2,100.93
11/1/2021 8:00:52 pm,s1,62.81
11/1/2021 8:00:56 pm,s2,101.91
11/1/2021 8:01:02 pm,s1,63.78
11/1/2021 8:01:06 pm,s2,100.93
11/1/2021 8:01:12 pm,s1,63.78
11/1/2021 8:01:17 pm,s2,99.95
11/1/2021 8:01:23 pm,s1,62.81
11/1/2021 8:01:27 pm,s2,100.93
11/1/2021 8:01:33 pm,s1,61.83
11/1/2021 8:01:37 pm,s2,99.95
11/1/2021 8:01:43 pm,s1,61.83
11/1/2021 8:01:47 pm,s2,101.91
11/1/2021 8:01:53 pm,s1,62.81
11/1/2021 8:01:57 pm,s2,99.95
11/1/2021 8:02:03 pm,s1,60.85
11/1/2021 8:02:08 pm,s2,98.97
11/1/2021 8:02:14 pm,s1,59.87
11/1/2021 8:02:18 pm,s2,99.95
11/1/2021 8:02:24 pm,s1,59.87
11/1/2021 8:02:28 pm,s2,98.97
11/1/2021 8:02:34 pm,s1,59.87
11/1/2021 8:02:38 pm,s2,98.97
11/1/2021 8:02:44 pm,s1,59.87
11/1/2021 8:02:49 pm,s2,99.95
11/1/2021 8:02:55 pm,s1,58.9
11/1/2021 8:02:59 pm,s2,99.95
11/1/2021 8:03:13 pm,s1,58.9
11/1/2021 8:03:17 pm,s2,100.93
11/1/2021 8:03:23 pm,s1,58.9
11/1/2021 8:03:28 pm,s2,98.97
11/1/2021 8:03:34 pm,s1,59.87
11/1/2021 8:03:38 pm,s2,98.97
11/1/2021 8:03:44 pm,s1,57.92
11/1/2021 8:03:48 pm,s2,99.95
11/1/2021 8:03:54 pm,s1,57.92
11/1/2021 8:03:58 pm,s2,99.95
11/1/2021 8:04:04 pm,s1,57.92
11/1/2021 8:04:08 pm,s2,100.93
11/1/2021 8:04:15 pm,s1,58.9
11/1/2021 8:04:19 pm,s2,99.95
11/1/2021 8:04:25 pm,s1,58.9
11/1/2021 8:04:29 pm,s2,100.93
11/1/2021 8:04:35 pm,s1,57.92
11/1/2021 8:04:39 pm,s2,100.93
11/1/2021 8:04:45 pm,s1,56.94
11/1/2021 8:04:49 pm,s2,99.95
11/1/2021 8:04:55 pm,s1,55.96
11/1/2021 8:04:59 pm,s2,98.97
11/1/2021 8:05:06 pm,s1,55.96
11/1/2021 8:05:10 pm,s2,100.93
11/1/2021 8:05:16 pm,s1,56.94
11/1/2021 8:05:20 pm,s2,100.93
11/1/2021 8:05:27 pm,s1,55.96
11/1/2021 8:05:31 pm,s2,98
11/1/2021 8:05:37 pm,s1,56.94
11/1/2021 8:05:41 pm,s2,100.93
11/1/2021 8:05:47 pm,s1,55.96
11/1/2021 8:05:51 pm,s2,98.97
11/1/2021 8:05:57 pm,s1,55.96
11/1/2021 8:06:02 pm,s2,99.95
11/1/2021 8:06:08 pm,s1,56.94
11/1/2021 8:06:12 pm,s2,100.93
11/1/2021 8:06:18 pm,s1,54.99
11/1/2021 8:06:22 pm,s2,98
11/1/2021 8:06:28 pm,s1,54.99
11/1/2021 8:06:32 pm,s2,98
11/1/2021 8:06:38 pm,s1,54.01
11/1/2021 8:06:42 pm,s2,98
11/1/2021 8:06:48 pm,s1,54.99
11/1/2021 8:06:53 pm,s2,98
11/1/2021 8:06:59 pm,s1,54.99
11/1/2021 8:07:03 pm,s2,99.95
11/1/2021 8:07:09 pm,s1,54.01
11/1/2021 8:07:13 pm,s2,98.97
11/1/2021 8:07:19 pm,s1,54.99
11/1/2021 8:07:23 pm,s2,98.97
11/1/2021 8:07:29 pm,s1,53.03
11/1/2021 8:07:33 pm,s2,98.97
11/1/2021 8:07:39 pm,s1,54.01
11/1/2021 8:07:43 pm,s2,99.95
11/1/2021 8:07:50 pm,s1,53.03
11/1/2021 8:07:54 pm,s2,98
11/1/2021 8:08:00 pm,s1,53.03
11/1/2021 8:08:04 pm,s2,98
11/1/2021 8:08:10 pm,s1,53.03
11/1/2021 8:08:14 pm,s2,99.95
11/1/2021 8:08:20 pm,s1,53.03
11/1/2021 8:08:24 pm,s2,98
11/1/2021 8:08:31 pm,s1,53.03
11/1/2021 8:08:35 pm,s2,99.95
11/1/2021 8:08:41 pm,s1,52.05
11/1/2021 8:08:45 pm,s2,98
11/1/2021 8:08:51 pm,s1,53.03
11/1/2021 8:08:55 pm,s2,99.95
11/1/2021 8:09:01 pm,s1,52.05
11/1/2021 8:09:05 pm,s2,98
11/1/2021 8:09:11 pm,s1,52.05
11/1/2021 8:09:15 pm,s2,98.97
11/1/2021 8:09:22 pm,s1,52.05
11/1/2021 8:09:26 pm,s2,98.97
11/1/2021 8:09:32 pm,s1,51.08
11/1/2021 8:09:36 pm,s2,97.02
11/1/2021 8:09:42 pm,s1,51.08
11/1/2021 8:09:46 pm,s2,98.97
11/1/2021 8:09:52 pm,s1,51.08
11/1/2021 8:09:56 pm,s2,98.97
11/1/2021 8:10:04 pm,s1,52.05
11/1/2021 8:10:08 pm,s2,98.97
11/1/2021 8:10:14 pm,s1,51.08
11/1/2021 8:10:18 pm,s2,97.02
11/1/2021 8:10:26 pm,s1,52.05
11/1/2021 8:10:30 pm,s2,98.97
11/1/2021 8:10:36 pm,s1,50.1
11/1/2021 8:10:40 pm,s2,98.97
11/1/2021 8:10:46 pm,s1,51.08
11/1/2021 8:10:50 pm,s2,98
11/1/2021 8:10:56 pm,s1,50.1
11/1/2021 8:11:00 pm,s2,97.02
11/1/2021 8:11:06 pm,s1,51.08
11/1/2021 8:11:11 pm,s2,98
11/1/2021 8:11:17 pm,s1,50.1
11/1/2021 8:11:21 pm,s2,97.02
11/1/2021 8:11:27 pm,s1,49.12
11/1/2021 8:11:31 pm,s2,97.02
11/1/2021 8:11:37 pm,s1,50.1
11/1/2021 8:11:41 pm,s2,97.02
11/1/2021 8:11:47 pm,s1,49.12
11/1/2021 8:11:52 pm,s2,98.97
11/1/2021 8:11:58 pm,s1,49.12
11/1/2021 8:12:02 pm,s2,98.97
11/1/2021 8:12:08 pm,s1,50.1
11/1/2021 8:12:12 pm,s2,98
11/1/2021 8:12:18 pm,s1,49.12
11/1/2021 8:12:22 pm,s2,98
11/1/2021 8:12:28 pm,s1,50.1
11/1/2021 8:12:32 pm,s2,98
11/1/2021 8:12:38 pm,s1,50.1
11/1/2021 8:12:42 pm,s2,98
11/1/2021 8:12:49 pm,s1,50.1
11/1/2021 8:12:53 pm,s2,98
11/1/2021 8:12:59 pm,s1,49.12
11/1/2021 8:13:03 pm,s2,97.02
11/1/2021 8:13:09 pm,s1,49.12
11/1/2021 8:13:13 pm,s2,98.97
11/1/2021 8:13:19 pm,s1,49.12
11/1/2021 8:13:23 pm,s2,98
11/1/2021 8:13:29 pm,s1,48.14
11/1/2021 8:13:33 pm,s2,97.02
11/1/2021 8:13:39 pm,s1,49.12
11/1/2021 8:13:43 pm,s2,98
11/1/2021 8:13:50 pm,s1,49.12
11/1/2021 8:13:54 pm,s2,97.02
11/1/2021 8:14:00 pm,s1,49.12
11/1/2021 8:14:04 pm,s2,98
11/1/2021 8:14:10 pm,s1,49.12
11/1/2021 8:14:14 pm,s2,98
11/1/2021 8:14:20 pm,s1,49.12
11/1/2021 8:14:24 pm,s2,98.97
11/1/2021 8:14:30 pm,s1,47.17
11/1/2021 8:14:34 pm,s2,98
11/1/2021 8:14:41 pm,s1,49.12
11/1/2021 8:14:45 pm,s2,97.02
11/1/2021 8:14:51 pm,s1,48.14
11/1/2021 8:14:55 pm,s2,97.02
11/1/2021 8:15:01 pm,s1,47.17
11/1/2021 8:15:05 pm,s2,97.02
11/1/2021 8:15:11 pm,s1,47.17
11/1/2021 8:15:15 pm,s2,98
11/1/2021 8:15:21 pm,s1,48.14
11/1/2021 8:15:25 pm,s2,98
11/1/2021 8:15:32 pm,s1,48.14
11/1/2021 8:15:36 pm,s2,97.02
11/1/2021 8:15:42 pm,s1,45.21
11/1/2021 8:15:46 pm,s2,97.02
11/1/2021 8:15:52 pm,s1,47.17
11/1/2021 8:15:56 pm,s2,97.02
11/1/2021 8:16:02 pm,s1,47.17
11/1/2021 8:16:06 pm,s2,97.02
11/1/2021 8:16:12 pm,s1,47.17
11/1/2021 8:16:16 pm,s2,97.02
11/1/2021 8:16:22 pm,s1,47.17
11/1/2021 8:16:26 pm,s2,96.04
11/1/2021 8:16:32 pm,s1,47.17
11/1/2021 8:16:37 pm,s2,97.02
11/1/2021 8:16:43 pm,s1,47.17
11/1/2021 8:16:47 pm,s2,96.04
11/1/2021 8:16:53 pm,s1,46.19
11/1/2021 8:16:57 pm,s2,97.02
11/1/2021 8:17:03 pm,s1,46.19
11/1/2021 8:17:07 pm,s2,96.04
11/1/2021 8:17:13 pm,s1,46.19
11/1/2021 8:17:17 pm,s2,96.04
11/1/2021 8:17:23 pm,s1,47.17
11/1/2021 8:17:28 pm,s2,97.02
11/1/2021 8:17:34 pm,s1,47.17
11/1/2021 8:17:38 pm,s2,97.02
11/1/2021 8:17:44 pm,s1,46.19
11/1/2021 8:17:48 pm,s2,98
11/1/2021 8:17:54 pm,s1,45.21
11/1/2021 8:17:58 pm,s2,97.02
11/1/2021 8:18:04 pm,s1,46.19
11/1/2021 8:18:08 pm,s2,98
11/1/2021 8:18:14 pm,s1,46.19
11/1/2021 8:18:19 pm,s2,98
11/1/2021 8:18:25 pm,s1,45.21
11/1/2021 8:18:29 pm,s2,97.02
11/1/2021 8:18:35 pm,s1,45.21
11/1/2021 8:18:39 pm,s2,98
11/1/2021 8:18:45 pm,s1,46.19
11/1/2021 8:18:49 pm,s2,96.04
11/1/2021 8:18:55 pm,s1,46.19
11/1/2021 8:18:59 pm,s2,97.02
11/1/2021 8:19:06 pm,s1,45.21
11/1/2021 8:19:10 pm,s2,96.04
11/1/2021 8:19:16 pm,s1,46.19
11/1/2021 8:19:20 pm,s2,97.02
11/1/2021 8:19:26 pm,s1,44.23
11/1/2021 8:19:30 pm,s2,96.04
11/1/2021 8:19:36 pm,s1,45.21
11/1/2021 8:19:40 pm,s2,96.04
11/1/2021 8:19:46 pm,s1,44.23
11/1/2021 8:19:51 pm,s2,95.06
11/1/2021 8:19:57 pm,s1,46.19
11/1/2021 8:20:01 pm,s2,96.04
11/1/2021 8:20:07 pm,s1,44.23
11/1/2021 8:20:11 pm,s2,95.06
11/1/2021 8:20:17 pm,s1,45.21
11/1/2021 8:20:21 pm,s2,95.06
11/1/2021 8:20:27 pm,s1,45.21
11/1/2021 8:20:31 pm,s2,97.02
11/1/2021 8:20:37 pm,s1,44.23
11/1/2021 8:20:41 pm,s2,97.02
11/1/2021 8:20:48 pm,s1,44.23
11/1/2021 8:20:52 pm,s2,95.06
11/1/2021 8:20:58 pm,s1,44.23
11/1/2021 8:21:02 pm,s2,96.04
11/1/2021 8:21:08 pm,s1,44.23
11/1/2021 8:21:12 pm,s2,97.02
11/1/2021 8:21:18 pm,s1,44.23
11/1/2021 8:21:22 pm,s2,96.04
11/1/2021 8:21:28 pm,s1,44.23
11/1/2021 8:21:33 pm,s2,95.06
11/1/2021 8:21:39 pm,s1,44.23
11/1/2021 8:21:43 pm,s2,95.06
11/1/2021 8:21:49 pm,s1,45.21
11/1/2021 8:21:53 pm,s2,96.04
11/1/2021 8:21:59 pm,s1,44.23
11/1/2021 8:22:03 pm,s2,97.02
11/1/2021 8:22:09 pm,s1,44.23
11/1/2021 8:22:13 pm,s2,96.04
11/1/2021 8:22:20 pm,s1,44.23
11/1/2021 8:22:24 pm,s2,97.02
11/1/2021 8:22:30 pm,s1,45.21
11/1/2021 8:22:34 pm,s2,97.02
11/1/2021 8:22:40 pm,s1,44.23
11/1/2021 8:22:44 pm,s2,97.02
11/1/2021 8:22:50 pm,s1,42.28
11/1/2021 8:22:54 pm,s2,96.04
11/1/2021 8:23:01 pm,s1,45.21
11/1/2021 8:23:05 pm,s2,96.04
11/1/2021 8:23:11 pm,s1,43.26
11/1/2021 8:23:15 pm,s2,96.04
11/1/2021 8:23:21 pm,s1,44.23
11/1/2021 8:23:25 pm,s2,95.06
11/1/2021 8:23:31 pm,s1,43.26
11/1/2021 8:23:35 pm,s2,93.11
11/1/2021 8:23:42 pm,s1,45.21
11/1/2021 8:23:45 pm,s2,95.06
11/1/2021 8:23:52 pm,s1,43.26
11/1/2021 8:23:56 pm,s2,95.06
11/1/2021 8:24:02 pm,s1,44.23
11/1/2021 8:24:06 pm,s2,95.06
11/1/2021 8:24:12 pm,s1,44.23
11/1/2021 8:24:16 pm,s2,95.06
11/1/2021 8:24:22 pm,s1,42.28
11/1/2021 8:24:26 pm,s2,95.06
11/1/2021 8:24:32 pm,s1,44.23
11/1/2021 8:24:36 pm,s2,95.06
11/1/2021 8:24:42 pm,s1,42.28
11/1/2021 8:24:47 pm,s2,94.09
11/1/2021 8:24:53 pm,s1,43.26
11/1/2021 8:24:57 pm,s2,95.06
11/1/2021 8:25:03 pm,s1,42.28
11/1/2021 8:25:07 pm,s2,94.09
11/1/2021 8:25:13 pm,s1,42.28
11/1/2021 8:25:17 pm,s2,94.09
11/1/2021 8:25:23 pm,s1,43.26
11/1/2021 8:25:28 pm,s2,95.06
11/1/2021 8:25:34 pm,s1,43.26
11/1/2021 8:25:38 pm,s2,96.04
11/1/2021 8:25:44 pm,s1,44.23
11/1/2021 8:25:48 pm,s2,96.04
11/1/2021 8:25:54 pm,s1,43.26
11/1/2021 8:25:58 pm,s2,93.11
11/1/2021 8:26:04 pm,s1,41.3
11/1/2021 8:26:09 pm,s2,94.09
11/1/2021 8:26:15 pm,s1,42.28
11/1/2021 8:26:19 pm,s2,95.06
11/1/2021 8:26:25 pm,s1,42.28
11/1/2021 8:26:29 pm,s2,94.09
11/1/2021 8:26:35 pm,s1,42.28
11/1/2021 8:26:39 pm,s2,95.06
11/1/2021 8:26:45 pm,s1,43.26
11/1/2021 8:26:49 pm,s2,94.09
11/1/2021 8:26:56 pm,s1,42.28
11/1/2021 8:27:00 pm,s2,94.09
11/1/2021 8:27:06 pm,s1,41.3
11/1/2021 8:27:10 pm,s2,94.09
11/1/2021 8:27:16 pm,s1,43.26
11/1/2021 8:27:20 pm,s2,96.04
11/1/2021 8:27:26 pm,s1,41.3
11/1/2021 8:27:30 pm,s2,93.11
11/1/2021 8:27:36 pm,s1,42.28
11/1/2021 8:27:41 pm,s2,92.13
11/1/2021 8:27:47 pm,s1,42.28
11/1/2021 8:27:51 pm,s2,93.11
11/1/2021 8:27:57 pm,s1,42.28
11/1/2021 8:28:01 pm,s2,94.09
11/1/2021 8:28:07 pm,s1,41.3
11/1/2021 8:28:11 pm,s2,94.09
11/1/2021 8:28:17 pm,s1,42.28
11/1/2021 8:28:22 pm,s2,94.09
11/1/2021 8:28:28 pm,s1,43.26
11/1/2021 8:28:32 pm,s2,95.06
11/1/2021 8:28:38 pm,s1,42.28
11/1/2021 8:28:42 pm,s2,95.06
